,1999-2000,2001-2002,2003-2004,2005-2006,2007-2008,2009-2010,2011-2012,2013-2014,2015-2016,2017-2018,overall
age,0.0,0.0,0.0,0.0,0.0,0.0,0.0,0.0,0.0,0.0,0.0
sex,0.0,0.0,0.0,0.0,0.0,0.0,0.0,0.0,0.0,0.0,0.0
race_eth,0.0,0.0,0.0,0.0,0.0,0.0,0.0,0.0,0.0,0.0,0.0
education,0.3,0.2,0.2,0.2,0.1,0.2,0.1,0.1,0.1,0.2,0.2
pir,14.3,7.1,5.8,4.7,9.2,9.6,8.5,7.7,10.3,12.9,9.0
bmi,1.7,6.7,2.0,2.1,1.8,1.1,1.5,1.2,1.2,1.7,2.0
waist,3.8,5.7,5.9,5.8,5.8,5.8,6.4,5.6,6.4,6.0,5.8
sbp,3.5,5.1,7.2,5.4,4.8,4.5,4.6,3.4,2.9,4.9,4.6
dbp,4.5,5.9,8.0,5.9,5.4,4.8,4.7,3.7,3.1,5.2,5.1
hba1c,5.4,5.0,4.5,5.7,6.1,5.0,5.5,3.4,4.8,4.5,5.0
fpg,54.1,52.6,55.0,54.9,54.0,54.0,53.5,53.7,55.1,53.7,54.0
tc,7.4,6.7,5.4,6.2,6.5,5.9,7.5,4.3,5.6,6.1,6.1
hdl,7.4,6.7,5.5,6.2,6.5,5.9,7.5,4.3,5.6,6.1,6.1
tg,54.6,53.5,55.1,55.4,54.1,54.4,54.1,54.1,58.7,54.5,54.8
ldl,60.3,58.2,56.4,56.6,55.3,55.2,54.9,54.8,59.1,54.9,56.5
acr,2.9,3.2,3.2,3.2,3.2,2.1,2.2,2.1,2.3,2.6,2.7
egfr,7.3,6.5,5.9,6.6,6.8,6.2,8.0,4.6,5.8,6.5,6.4
diabetes,4.6,4.7,4.0,5.1,5.3,4.3,4.9,3.0,4.4,4.0,4.4
hypertension,2.7,4.0,5.0,3.9,3.6,3.3,3.5,2.2,2.2,3.6,3.4
cvd_history,0.0,0.0,0.0,0.0,0.0,0.0,0.0,0.0,0.0,0.0,0.0
cancer,0.1,0.1,0.2,0.1,0.2,0.1,0.1,0.0,0.1,0.0,0.1
smoking,0.2,0.1,0.1,0.1,0.1,0.0,0.1,0.0,0.2,0.0,0.1
psu,0.0,0.0,0.0,0.0,0.0,0.0,0.0,0.0,0.0,0.0,0.0
strata,0.0,0.0,0.0,0.0,0.0,0.0,0.0,0.0,0.0,0.0,0.0
wt_mec,0.0,0.0,0.0,0.0,0.0,0.0,0.0,0.0,0.0,0.0,0.0
