,1999-2000,2001-2002,2003-2004,2005-2006,2007-2008,2009-2010,2011-2012,2013-2014,2015-2016,2017-2018
sex,1.0,1.0,1.0,1.0,1.0,1.0,1.0,1.0,1.0,1.0
age,1.0,1.0,1.0,1.0,1.0,1.0,1.0,1.0,1.0,1.0
race_eth,1.0,1.0,1.0,1.0,1.0,1.0,1.0,1.0,1.0,1.0
education,0.49,0.49,0.498,0.481,0.585,0.59,0.57,0.567,0.574,0.602
pir,0.851,0.928,0.942,0.948,0.912,0.905,0.914,0.923,0.894,0.867
pregnant,0.197,0.321,0.309,0.326,0.119,0.133,0.124,0.129,0.129,0.12
exam_status,1.0,1.0,1.0,1.0,1.0,1.0,1.0,1.0,1.0,1.0
psu,1.0,1.0,1.0,1.0,1.0,1.0,1.0,1.0,1.0,1.0
strata,1.0,1.0,1.0,1.0,1.0,1.0,1.0,1.0,1.0,1.0
wt_mec2,1.0,1.0,1.0,1.0,1.0,1.0,1.0,1.0,1.0,1.0
wt_mec4,1.0,1.0,0.0,0.0,0.0,0.0,0.0,0.0,0.0,0.0
bmi,0.849,0.816,0.858,0.865,0.873,0.893,0.882,0.89,0.878,0.865
waist,0.831,0.82,0.83,0.838,0.841,0.852,0.841,0.851,0.834,0.821
sbp1,0.648,0.646,0.62,0.644,0.704,0.715,0.692,0.705,0.717,0.681
sbp2,0.639,0.625,0.569,0.605,0.678,0.719,0.708,0.728,0.733,0.709
sbp3,0.628,0.619,0.559,0.589,0.666,0.72,0.709,0.728,0.73,0.707
sbp4,0.165,0.142,0.158,0.114,0.022,0.039,0.046,0.051,0.032,0.06
dbp1,0.648,0.646,0.62,0.644,0.704,0.715,0.692,0.705,0.717,0.681
dbp2,0.639,0.625,0.569,0.605,0.678,0.719,0.708,0.728,0.733,0.709
dbp3,0.628,0.619,0.559,0.589,0.666,0.72,0.709,0.728,0.73,0.707
dbp4,0.165,0.142,0.158,0.114,0.022,0.039,0.046,0.051,0.032,0.06
hba1c,0.637,0.634,0.652,0.627,0.633,0.658,0.63,0.653,0.634,0.653
fpg,0.305,0.312,0.313,0.302,0.306,0.321,0.311,0.312,0.298,0.312
wt_fast2,0.328,0.332,0.332,0.324,0.327,0.34,0.332,0.327,0.32,0.328
wt_fast4,0.328,0.332,0.0,0.0,0.0,0.0,0.0,0.0,0.0,0.0
tc,0.746,0.751,0.768,0.711,0.728,0.745,0.716,0.749,0.728,0.728
hdl,0.745,0.751,0.768,0.711,0.728,0.745,0.716,0.749,0.728,0.728
tg,0.352,0.361,0.364,0.299,0.305,0.319,0.306,0.309,0.273,0.306
ldl,0.318,0.33,0.357,0.292,0.299,0.314,0.302,0.305,0.271,0.303
u_alb,0.763,0.759,0.765,0.758,0.776,0.797,0.783,0.791,0.83,0.825
u_cr,0.763,0.758,0.765,0.758,0.776,0.797,0.783,0.791,0.83,0.825
scr,0.625,0.624,0.641,0.622,0.628,0.651,0.613,0.644,0.627,0.638
dm_told,0.952,0.948,0.953,0.949,0.952,0.959,0.96,0.96,0.96,0.961
dm_insulin,0.667,0.948,0.953,0.949,0.952,0.959,0.96,0.96,0.96,0.961
dm_pills,0.049,0.048,0.055,0.079,0.111,0.108,0.11,0.118,0.152,0.181
htn_told,0.597,0.592,0.606,0.593,0.645,0.654,0.633,0.635,0.635,0.666
htn_med,0.123,0.121,0.143,0.128,0.186,0.184,0.179,0.178,0.186,0.21
chol_told,0.32,0.327,0.344,0.326,0.416,0.414,0.57,0.635,0.635,0.666
chol_med,0.057,0.063,0.089,0.082,0.131,0.127,0.138,0.143,0.153,0.179
chf,0.49,0.49,0.498,0.481,0.585,0.59,0.57,0.567,0.574,0.602
chd,0.49,0.49,0.498,0.481,0.585,0.59,0.57,0.567,0.574,0.602
angina,0.49,0.49,0.498,0.481,0.585,0.59,0.57,0.567,0.574,0.602
mi,0.49,0.49,0.498,0.481,0.585,0.59,0.57,0.567,0.574,0.602
stroke,0.49,0.49,0.498,0.481,0.585,0.59,0.57,0.567,0.574,0.602
cancer,0.49,0.49,0.498,0.481,0.585,0.59,0.57,0.567,0.574,0.602
smk_100,0.489,0.49,0.498,0.481,0.585,0.59,0.57,0.601,0.601,0.633
smk_now,0.231,0.235,0.247,0.227,0.276,0.272,0.243,0.253,0.243,0.255
eligstat,1.0,1.0,1.0,1.0,1.0,1.0,1.0,1.0,1.0,1.0
mortstat,0.546,0.542,0.554,0.537,0.613,0.618,0.6,0.6,0.599,0.628
ucod_leading,0.168,0.147,0.14,0.099,0.111,0.082,0.064,0.046,0.028,0.016
mcod_diabetes,0.168,0.147,0.14,0.099,0.111,0.082,0.064,0.046,0.028,0.016
mcod_hypertension,0.168,0.147,0.14,0.099,0.111,0.082,0.064,0.046,0.028,0.016
permth_int,0.546,0.542,0.554,0.537,0.613,0.618,0.6,0.6,0.599,0.628
permth_exm,0.499,0.506,0.523,0.515,0.59,0.602,0.574,0.581,0.574,0.594
