,n,median,p1,p99,skewness,skewness_log,log_transform
age,50819,50.0,20.0,85.0,0.1,-0.44,False
bmi,49782,27.87,17.9,50.7,1.32,0.41,True
waist,47884,97.5,68.6,144.0,0.58,0.1,False
sbp,48485,122.0,92.67,187.33,1.1,0.56,True
dbp,48249,71.33,42.0,100.67,-0.01,-1.31,False
hba1c,48283,5.5,4.5,10.9,3.62,2.38,True
fpg,23357,100.0,75.0,291.0,4.32,2.35,True
tc,47699,192.0,112.0,310.0,0.86,-0.12,False
hdl,47697,50.0,26.0,101.0,1.12,0.06,True
non_hdl,47696,139.0,62.0,260.0,0.96,-0.32,False
tg,22945,107.0,31.44,528.0,9.57,0.43,True
acr,49456,7.12,1.61,877.06,95.27,1.81,True
egfr,47571,96.12,30.36,131.94,-0.65,-2.68,False
pir,46227,2.13,0.02,5.0,0.34,-2.01,False
