exposure,truncation,hr_95ci,max_abs_smd
Diabetes,0%,1.83 (1.58-2.13),0.077
Diabetes,0.1%,1.98 (1.75-2.24),0.093
Diabetes,0.5%,2.19 (1.98-2.42),0.261
Diabetes,1%,2.28 (2.07-2.50),0.324
Hypertension,0%,1.17 (1.07-1.28),0.114
Hypertension,0.1%,1.20 (1.10-1.31),0.106
Hypertension,0.5%,1.26 (1.16-1.37),0.088
Hypertension,1%,1.32 (1.23-1.43),0.137
Chronic kidney disease,0%,1.59 (1.47-1.72),0.106
Chronic kidney disease,0.1%,1.60 (1.47-1.73),0.107
Chronic kidney disease,0.5%,1.63 (1.50-1.76),0.113
Chronic kidney disease,1%,1.67 (1.55-1.81),0.116
