status,time,surv,exposure
Exposed,0,0.9997661910240353,Diabetes
Exposed,0.1,0.9992377798282398,Diabetes
Exposed,0.2,0.9979103267877718,Diabetes
Exposed,0.30000000000000004,0.9973339022432441,Diabetes
Exposed,0.4,0.996459733182479,Diabetes
Exposed,0.5,0.9949892338840607,Diabetes
Exposed,0.6000000000000001,0.993452952735403,Diabetes
Exposed,0.7000000000000001,0.992755406345774,Diabetes
Exposed,0.8,0.9911711727427506,Diabetes
Exposed,0.9,0.9907736574960813,Diabetes
Exposed,1,0.988609659203551,Diabetes
Exposed,1.1,0.987963128443919,Diabetes
Exposed,1.2000000000000002,0.9867617283091884,Diabetes
Exposed,1.3,0.9858038748232791,Diabetes
Exposed,1.4000000000000001,0.9849158538380683,Diabetes
Exposed,1.5,0.982177226990405,Diabetes
Exposed,1.6,0.9801596897833027,Diabetes
Exposed,1.7000000000000002,0.9794870256880607,Diabetes
Exposed,1.8,0.9786547548095537,Diabetes
Exposed,1.9000000000000001,0.9779053670331497,Diabetes
Exposed,2,0.9744086547354965,Diabetes
Exposed,2.1,0.9731617828757576,Diabetes
Exposed,2.2,0.9715384058148014,Diabetes
Exposed,2.3000000000000003,0.9700723251558103,Diabetes
Exposed,2.4000000000000004,0.968149291400161,Diabetes
Exposed,2.5,0.9650443143973735,Diabetes
Exposed,2.6,0.9642805504998606,Diabetes
Exposed,2.7,0.9621520001487011,Diabetes
Exposed,2.8000000000000003,0.9602198184109332,Diabetes
Exposed,2.9000000000000004,0.958371097736795,Diabetes
Exposed,3,0.9569751116172929,Diabetes
Exposed,3.1,0.9564026187683415,Diabetes
Exposed,3.2,0.9552818939294023,Diabetes
Exposed,3.3000000000000003,0.9546908376146646,Diabetes
Exposed,3.4000000000000004,0.9527443028021919,Diabetes
Exposed,3.5,0.9491668421143306,Diabetes
Exposed,3.6,0.9482905490597817,Diabetes
Exposed,3.7,0.9470349755722888,Diabetes
Exposed,3.8000000000000003,0.9463130378352256,Diabetes
Exposed,3.9000000000000004,0.9451505005690648,Diabetes
Exposed,4,0.9407824792062168,Diabetes
Exposed,4.1000000000000005,0.9395559978320279,Diabetes
Exposed,4.2,0.9385100980995406,Diabetes
Exposed,4.3,0.9330142015407619,Diabetes
Exposed,4.4,0.9318674334354056,Diabetes
Exposed,4.5,0.9292820816133818,Diabetes
Exposed,4.6000000000000005,0.9282519786044324,Diabetes
Exposed,4.7,0.9274655061537657,Diabetes
Exposed,4.800000000000001,0.9266125454956152,Diabetes
Exposed,4.9,0.9247476687968132,Diabetes
Exposed,5,0.9216651566353661,Diabetes
Exposed,5.1000000000000005,0.920171966658465,Diabetes
Exposed,5.2,0.9187035196241435,Diabetes
Exposed,5.300000000000001,0.917630378214976,Diabetes
Exposed,5.4,0.9164463992547868,Diabetes
Exposed,5.5,0.9135720064042682,Diabetes
Exposed,5.6000000000000005,0.9126496538563775,Diabetes
Exposed,5.7,0.911261636639576,Diabetes
Exposed,5.800000000000001,0.9066316144460285,Diabetes
Exposed,5.9,0.9054625036505697,Diabetes
Exposed,6,0.9000558736850821,Diabetes
Exposed,6.1000000000000005,0.8964036104708044,Diabetes
Exposed,6.2,0.8944290445159446,Diabetes
Exposed,6.300000000000001,0.893344176024581,Diabetes
Exposed,6.4,0.8920684566173325,Diabetes
Exposed,6.5,0.8886494152201551,Diabetes
Exposed,6.6000000000000005,0.8869937868748292,Diabetes
Exposed,6.7,0.8850033352314004,Diabetes
Exposed,6.800000000000001,0.8836345869702785,Diabetes
Exposed,6.9,0.8829675092097935,Diabetes
Exposed,7,0.8802097730708318,Diabetes
Exposed,7.1000000000000005,0.8796529147493836,Diabetes
Exposed,7.2,0.8789985372457275,Diabetes
Exposed,7.300000000000001,0.8775349683634179,Diabetes
Exposed,7.4,0.8765426595253156,Diabetes
Exposed,7.5,0.8742429559066999,Diabetes
Exposed,7.6000000000000005,0.8729779042927909,Diabetes
Exposed,7.7,0.8719811200517236,Diabetes
Exposed,7.800000000000001,0.8710373433406399,Diabetes
Exposed,7.9,0.8703453152983035,Diabetes
Exposed,8,0.869081755542605,Diabetes
Exposed,8.1,0.8676254245003521,Diabetes
Exposed,8.200000000000001,0.8662637330975047,Diabetes
Exposed,8.3,0.8649344298684165,Diabetes
Exposed,8.4,0.8634621996956541,Diabetes
Exposed,8.5,0.8607094492188913,Diabetes
Exposed,8.6,0.857919124831587,Diabetes
Exposed,8.700000000000001,0.8567107862808525,Diabetes
Exposed,8.8,0.8556031639913733,Diabetes
Exposed,8.9,0.8547276847945355,Diabetes
Exposed,9,0.8536661911012652,Diabetes
Exposed,9.1,0.8520241722412392,Diabetes
Exposed,9.200000000000001,0.85044233235677,Diabetes
Exposed,9.3,0.8489316755441038,Diabetes
Exposed,9.4,0.8485071684638432,Diabetes
Exposed,9.5,0.8463905015923106,Diabetes
Exposed,9.600000000000001,0.8450286582285778,Diabetes
Exposed,9.700000000000001,0.8444494642349382,Diabetes
Exposed,9.8,0.8430164184719278,Diabetes
Exposed,9.9,0.8412307030353566,Diabetes
Exposed,10,0.837864311636932,Diabetes
Exposed,10.100000000000001,0.8368729704762973,Diabetes
Exposed,10.200000000000001,0.8356940650550141,Diabetes
Exposed,10.3,0.8347622119820993,Diabetes
Exposed,10.4,0.8323075452230344,Diabetes
Exposed,10.5,0.8281398105735597,Diabetes
Exposed,10.600000000000001,0.8264126460720401,Diabetes
Exposed,10.700000000000001,0.8246555697499073,Diabetes
Exposed,10.8,0.8228934733964726,Diabetes
Exposed,10.9,0.8176602420408652,Diabetes
Exposed,11,0.815853414491976,Diabetes
Exposed,11.100000000000001,0.8154941962239942,Diabetes
Exposed,11.200000000000001,0.8126257009035224,Diabetes
Exposed,11.3,0.8117773735738048,Diabetes
Exposed,11.4,0.8107305596823072,Diabetes
Exposed,11.5,0.8081329166232346,Diabetes
Exposed,11.600000000000001,0.8066256550441644,Diabetes
Exposed,11.700000000000001,0.8053859730543125,Diabetes
Exposed,11.8,0.8048881982887732,Diabetes
Exposed,11.9,0.7889622055220762,Diabetes
Exposed,12,0.7851609910195358,Diabetes
Exposed,12.100000000000001,0.7845335976679935,Diabetes
Exposed,12.200000000000001,0.7834541618528004,Diabetes
Exposed,12.3,0.7829571211604708,Diabetes
Exposed,12.4,0.781730697105861,Diabetes
Exposed,12.5,0.7759706138402186,Diabetes
Exposed,12.600000000000001,0.7749372103893732,Diabetes
Exposed,12.700000000000001,0.7743612069214969,Diabetes
Exposed,12.8,0.7730063057062656,Diabetes
Exposed,12.9,0.768802680295122,Diabetes
Exposed,13,0.7666554249767317,Diabetes
Exposed,13.100000000000001,0.7664714013417364,Diabetes
Exposed,13.200000000000001,0.7635498766768298,Diabetes
Exposed,13.3,0.7627109368519769,Diabetes
Exposed,13.4,0.7621762728753289,Diabetes
Exposed,13.5,0.7589859222829867,Diabetes
Exposed,13.600000000000001,0.7562240743104619,Diabetes
Exposed,13.700000000000001,0.7553430339954816,Diabetes
Exposed,13.8,0.7546161654901408,Diabetes
Exposed,13.9,0.7539993968251237,Diabetes
Exposed,14,0.7495822296912695,Diabetes
Exposed,14.100000000000001,0.7492979645263401,Diabetes
Exposed,14.200000000000001,0.7481665272666245,Diabetes
Exposed,14.3,0.7474185402682485,Diabetes
Exposed,14.4,0.7462840401046649,Diabetes
Exposed,14.5,0.7427722997404589,Diabetes
Exposed,14.600000000000001,0.7420215244995576,Diabetes
Exposed,14.700000000000001,0.7414668727979246,Diabetes
Exposed,14.8,0.738660723486621,Diabetes
Exposed,14.9,0.7257163838269453,Diabetes
Exposed,15,0.7233269442013727,Diabetes
Exposed,15.100000000000001,0.7181830594932412,Diabetes
Exposed,15.200000000000001,0.7181215525652178,Diabetes
Exposed,15.3,0.7124153228165925,Diabetes
Exposed,15.4,0.708160535496284,Diabetes
Exposed,15.5,0.7073039178746238,Diabetes
Exposed,15.600000000000001,0.7055234090528422,Diabetes
Exposed,15.700000000000001,0.7040564897516925,Diabetes
Exposed,15.8,0.7016648515483289,Diabetes
Exposed,15.9,0.6985072278160932,Diabetes
Exposed,16,0.6967539933782625,Diabetes
Exposed,16.1,0.6953608996888508,Diabetes
Exposed,16.2,0.6930284713221687,Diabetes
Exposed,16.3,0.6929880112891408,Diabetes
Exposed,16.400000000000002,0.6928445274854799,Diabetes
Exposed,16.5,0.6875795778556393,Diabetes
Exposed,16.6,0.6864195231937041,Diabetes
Exposed,16.7,0.6861702661452934,Diabetes
Exposed,16.8,0.6844827583495976,Diabetes
Exposed,16.900000000000002,0.6831776953695771,Diabetes
Exposed,17,0.6815532988579167,Diabetes
Exposed,17.1,0.6813634521090787,Diabetes
Exposed,17.2,0.6812988921198,Diabetes
Exposed,17.3,0.6655082517834647,Diabetes
Exposed,17.400000000000002,0.6654225125088838,Diabetes
Exposed,17.5,0.6610623771647643,Diabetes
Exposed,17.6,0.6589511660982977,Diabetes
Exposed,17.7,0.6589472771735114,Diabetes
Exposed,17.8,0.6589472771735114,Diabetes
Exposed,17.900000000000002,0.6562985336323278,Diabetes
Exposed,18,0.6537472594756187,Diabetes
Unexposed,0,0.9999488286887027,Diabetes
Unexposed,0.1,0.9997394563119693,Diabetes
Unexposed,0.2,0.9990508300856933,Diabetes
Unexposed,0.30000000000000004,0.9985203170005048,Diabetes
Unexposed,0.4,0.9981307147806022,Diabetes
Unexposed,0.5,0.9968404198511005,Diabetes
Unexposed,0.6000000000000001,0.9961341214608417,Diabetes
Unexposed,0.7000000000000001,0.9953671984298286,Diabetes
Unexposed,0.8,0.9947912506224033,Diabetes
Unexposed,0.9,0.9941607886846235,Diabetes
Unexposed,1,0.9930004152177401,Diabetes
Unexposed,1.1,0.9924343126582145,Diabetes
Unexposed,1.2000000000000002,0.9917239003321398,Diabetes
Unexposed,1.3,0.99119969446908,Diabetes
Unexposed,1.4000000000000001,0.9904403447971746,Diabetes
Unexposed,1.5,0.9895451792412955,Diabetes
Unexposed,1.6,0.9887740162189679,Diabetes
Unexposed,1.7000000000000002,0.9881544795954604,Diabetes
Unexposed,1.8,0.9876663963135854,Diabetes
Unexposed,1.9000000000000001,0.9868289557062041,Diabetes
Unexposed,2,0.9851777688332349,Diabetes
Unexposed,2.1,0.9845374944823673,Diabetes
Unexposed,2.2,0.9839211788272638,Diabetes
Unexposed,2.3000000000000003,0.9832095686271684,Diabetes
Unexposed,2.4000000000000004,0.9826118521759882,Diabetes
Unexposed,2.5,0.9808835787300301,Diabetes
Unexposed,2.6,0.9803248220694046,Diabetes
Unexposed,2.7,0.979585359170311,Diabetes
Unexposed,2.8000000000000003,0.9786243382658791,Diabetes
Unexposed,2.9000000000000004,0.977769459746,Diabetes
Unexposed,3,0.9761614039428888,Diabetes
Unexposed,3.1,0.9756264209048453,Diabetes
Unexposed,3.2,0.9747989872093316,Diabetes
Unexposed,3.3000000000000003,0.9740330839777989,Diabetes
Unexposed,3.4000000000000004,0.9734304380425244,Diabetes
Unexposed,3.5,0.971769233317553,Diabetes
Unexposed,3.6,0.9708470016085023,Diabetes
Unexposed,3.7,0.9702262330065881,Diabetes
Unexposed,3.8000000000000003,0.9694523577775251,Diabetes
Unexposed,3.9000000000000004,0.9687065301557536,Diabetes
Unexposed,4,0.9674676959333746,Diabetes
Unexposed,4.1000000000000005,0.9667231366998141,Diabetes
Unexposed,4.2,0.9660858624804463,Diabetes
Unexposed,4.3,0.9650380464490933,Diabetes
Unexposed,4.4,0.9640163289025999,Diabetes
Unexposed,4.5,0.9624596486458885,Diabetes
Unexposed,4.6000000000000005,0.9617264616136496,Diabetes
Unexposed,4.7,0.960516823229463,Diabetes
Unexposed,4.800000000000001,0.9595208554619395,Diabetes
Unexposed,4.9,0.9587544178359826,Diabetes
Unexposed,5,0.9567327114637361,Diabetes
Unexposed,5.1000000000000005,0.9558435909852904,Diabetes
Unexposed,5.2,0.9553284814984758,Diabetes
Unexposed,5.300000000000001,0.9543365139296296,Diabetes
Unexposed,5.4,0.953642145699068,Diabetes
Unexposed,5.5,0.9517226514683025,Diabetes
Unexposed,5.6000000000000005,0.9505942201068268,Diabetes
Unexposed,5.7,0.9496674648490844,Diabetes
Unexposed,5.800000000000001,0.9488686622831739,Diabetes
Unexposed,5.9,0.94792744696371245,Diabetes
Unexposed,6,0.945882257263616,Diabetes
Unexposed,6.1000000000000005,0.9450172538238033,Diabetes
Unexposed,6.2,0.944079215279353,Diabetes
Unexposed,6.300000000000001,0.9432377499002841,Diabetes
Unexposed,6.4,0.9421036801693708,Diabetes
Unexposed,6.5,0.940099354372249,Diabetes
Unexposed,6.6000000000000005,0.9391913716024543,Diabetes
Unexposed,6.7,0.9380590972929921,Diabetes
Unexposed,6.800000000000001,0.9373116185666617,Diabetes
Unexposed,6.9,0.9365186404012962,Diabetes
Unexposed,7,0.9347488682810751,Diabetes
Unexposed,7.1000000000000005,0.9336968605505074,Diabetes
Unexposed,7.2,0.9328076123392892,Diabetes
Unexposed,7.300000000000001,0.9316773159785311,Diabetes
Unexposed,7.4,0.9307709585043119,Diabetes
Unexposed,7.5,0.9284653328364271,Diabetes
Unexposed,7.6000000000000005,0.9271752989668286,Diabetes
Unexposed,7.7,0.926130190174638,Diabetes
Unexposed,7.800000000000001,0.9252119192857032,Diabetes
Unexposed,7.9,0.9243391648085229,Diabetes
Unexposed,8,0.9223821797356362,Diabetes
Unexposed,8.1,0.9216161249145599,Diabetes
Unexposed,8.200000000000001,0.9208157611619096,Diabetes
Unexposed,8.3,0.9198804390017558,Diabetes
Unexposed,8.4,0.9188300342027683,Diabetes
Unexposed,8.5,0.9175239366797759,Diabetes
Unexposed,8.6,0.9168613118976444,Diabetes
Unexposed,8.700000000000001,0.9159751326554916,Diabetes
Unexposed,8.8,0.9152461819059567,Diabetes
Unexposed,8.9,0.9143029888360218,Diabetes
Unexposed,9,0.9122209655913587,Diabetes
Unexposed,9.1,0.911360365344946,Diabetes
Unexposed,9.200000000000001,0.9103381223618628,Diabetes
Unexposed,9.3,0.9094357659466112,Diabetes
Unexposed,9.4,0.9085427566016896,Diabetes
Unexposed,9.5,0.9066487484081484,Diabetes
Unexposed,9.600000000000001,0.9055575443539049,Diabetes
Unexposed,9.700000000000001,0.9046501352922794,Diabetes
Unexposed,9.8,0.9038399354602411,Diabetes
Unexposed,9.9,0.903187346751665,Diabetes
Unexposed,10,0.9009434263331769,Diabetes
Unexposed,10.100000000000001,0.8996464554220402,Diabetes
Unexposed,10.200000000000001,0.8984934172359778,Diabetes
Unexposed,10.3,0.8975524138188127,Diabetes
Unexposed,10.4,0.8966494396112297,Diabetes
Unexposed,10.5,0.8948546831857014,Diabetes
Unexposed,10.600000000000001,0.8939356818913119,Diabetes
Unexposed,10.700000000000001,0.8930689746145841,Diabetes
Unexposed,10.8,0.8921457486858345,Diabetes
Unexposed,10.9,0.8911592223359005,Diabetes
Unexposed,11,0.8892568779989306,Diabetes
Unexposed,11.100000000000001,0.8886433575269602,Diabetes
Unexposed,11.200000000000001,0.8876669847378381,Diabetes
Unexposed,11.3,0.8867815843648038,Diabetes
Unexposed,11.4,0.8855777281200041,Diabetes
Unexposed,11.5,0.8840239873852379,Diabetes
Unexposed,11.600000000000001,0.8830520469153891,Diabetes
Unexposed,11.700000000000001,0.882255971805044,Diabetes
Unexposed,11.8,0.8811593045521776,Diabetes
Unexposed,11.9,0.8800413771816179,Diabetes
Unexposed,12,0.8784176394633392,Diabetes
Unexposed,12.100000000000001,0.8774025032886326,Diabetes
Unexposed,12.200000000000001,0.876608951914223,Diabetes
Unexposed,12.3,0.8755839328797479,Diabetes
Unexposed,12.4,0.8745283882179772,Diabetes
Unexposed,12.5,0.8731798776490585,Diabetes
Unexposed,12.600000000000001,0.8720145418455969,Diabetes
Unexposed,12.700000000000001,0.8710408143832851,Diabetes
Unexposed,12.8,0.8705161158164391,Diabetes
Unexposed,12.9,0.8692225870938358,Diabetes
Unexposed,13,0.8669351440358817,Diabetes
Unexposed,13.100000000000001,0.8658856082732265,Diabetes
Unexposed,13.200000000000001,0.8645030570580092,Diabetes
Unexposed,13.3,0.863298407445035,Diabetes
Unexposed,13.4,0.8624813801682216,Diabetes
Unexposed,13.5,0.8605512640105593,Diabetes
Unexposed,13.600000000000001,0.860140564992373,Diabetes
Unexposed,13.700000000000001,0.8592189868500807,Diabetes
Unexposed,13.8,0.8583271337792322,Diabetes
Unexposed,13.9,0.8572092675385038,Diabetes
Unexposed,14,0.8548693075498938,Diabetes
Unexposed,14.100000000000001,0.8533197992631562,Diabetes
Unexposed,14.200000000000001,0.8520378870082622,Diabetes
Unexposed,14.3,0.8510369004906204,Diabetes
Unexposed,14.4,0.8503603214582032,Diabetes
Unexposed,14.5,0.8478297914532552,Diabetes
Unexposed,14.600000000000001,0.8467103228895938,Diabetes
Unexposed,14.700000000000001,0.8455954495299456,Diabetes
Unexposed,14.8,0.8442531990125315,Diabetes
Unexposed,14.9,0.8432916427661697,Diabetes
Unexposed,15,0.8412798342567416,Diabetes
Unexposed,15.100000000000001,0.8402544551368617,Diabetes
Unexposed,15.200000000000001,0.8390488177742917,Diabetes
Unexposed,15.3,0.8375548045502181,Diabetes
Unexposed,15.4,0.8364699151995889,Diabetes
Unexposed,15.5,0.83477018935674685,Diabetes
Unexposed,15.600000000000001,0.8334953547338319,Diabetes
Unexposed,15.700000000000001,0.8327775755386188,Diabetes
Unexposed,15.8,0.832144550318591,Diabetes
Unexposed,15.9,0.8304982570483848,Diabetes
Unexposed,16,0.8284687038549867,Diabetes
Unexposed,16.1,0.8277098683213444,Diabetes
Unexposed,16.2,0.8269629796989164,Diabetes
Unexposed,16.3,0.8259838600614394,Diabetes
Unexposed,16.400000000000002,0.8244637354630909,Diabetes
Unexposed,16.5,0.8230006215727601,Diabetes
Unexposed,16.6,0.8219542146302881,Diabetes
Unexposed,16.7,0.8209196272363251,Diabetes
Unexposed,16.8,0.8192166939072567,Diabetes
Unexposed,16.900000000000002,0.8179375105370958,Diabetes
Unexposed,17,0.8147033343471272,Diabetes
Unexposed,17.1,0.8137812051060962,Diabetes
Unexposed,17.2,0.8124048002003658,Diabetes
Unexposed,17.3,0.8114525906389853,Diabetes
Unexposed,17.400000000000002,0.8098310244544437,Diabetes
Unexposed,17.5,0.8077039948742218,Diabetes
Unexposed,17.6,0.8070856054281286,Diabetes
Unexposed,17.7,0.8061846575565306,Diabetes
Unexposed,17.8,0.8056334215800021,Diabetes
Unexposed,17.900000000000002,0.8033267510707024,Diabetes
Unexposed,18,0.8019062006484976,Diabetes
Exposed,0,0.99989211447272,Hypertension
Exposed,0.1,0.9996420454462094,Hypertension
Exposed,0.2,0.9986300983744274,Hypertension
Exposed,0.30000000000000004,0.9978418215057465,Hypertension
Exposed,0.4,0.9971336851151684,Hypertension
Exposed,0.5,0.9955363564790415,Hypertension
Exposed,0.6000000000000001,0.9942664626383743,Hypertension
Exposed,0.7000000000000001,0.9936194956169233,Hypertension
Exposed,0.8,0.9921435323485575,Hypertension
Exposed,0.9,0.9916768125647756,Hypertension
Exposed,1,0.9902144839060775,Hypertension
Exposed,1.1,0.9895481580672474,Hypertension
Exposed,1.2000000000000002,0.9887772751923073,Hypertension
Exposed,1.3,0.988190159213318,Hypertension
Exposed,1.4000000000000001,0.9873178944859348,Hypertension
Exposed,1.5,0.9859420707757021,Hypertension
Exposed,1.6,0.9852608790338182,Hypertension
Exposed,1.7000000000000002,0.9845847900113708,Hypertension
Exposed,1.8,0.984089985301652,Hypertension
Exposed,1.9000000000000001,0.9832055833066489,Hypertension
Exposed,2,0.9810326344519315,Hypertension
Exposed,2.1,0.9801679857362843,Hypertension
Exposed,2.2,0.979125167002123,Hypertension
Exposed,2.3000000000000003,0.9783751451392373,Hypertension
Exposed,2.4000000000000004,0.9769897067204559,Hypertension
Exposed,2.5,0.9750897223269812,Hypertension
Exposed,2.6,0.9743360799254268,Hypertension
Exposed,2.7,0.9731642200145334,Hypertension
Exposed,2.8000000000000003,0.971912216670764,Hypertension
Exposed,2.9000000000000004,0.9709070577500426,Hypertension
Exposed,3,0.9688561505516338,Hypertension
Exposed,3.1,0.9683047686005513,Hypertension
Exposed,3.2,0.9673417566951951,Hypertension
Exposed,3.3000000000000003,0.9668670153237615,Hypertension
Exposed,3.4000000000000004,0.9657925911890913,Hypertension
Exposed,3.5,0.964048635767823,Hypertension
Exposed,3.6,0.9630302822931573,Hypertension
Exposed,3.7,0.9622564082370096,Hypertension
Exposed,3.8000000000000003,0.9612208063189418,Hypertension
Exposed,3.9000000000000004,0.9598394802484018,Hypertension
Exposed,4,0.9579761509301408,Hypertension
Exposed,4.1000000000000005,0.9567963066887919,Hypertension
Exposed,4.2,0.9558639303615957,Hypertension
Exposed,4.3,0.9547441455810551,Hypertension
Exposed,4.4,0.9537486737680088,Hypertension
Exposed,4.5,0.9517289112062903,Hypertension
Exposed,4.6000000000000005,0.9507012675022073,Hypertension
Exposed,4.7,0.9495361539570063,Hypertension
Exposed,4.800000000000001,0.9486629779490893,Hypertension
Exposed,4.9,0.9472644125833322,Hypertension
Exposed,5,0.9451260314300206,Hypertension
Exposed,5.1000000000000005,0.944134764945395,Hypertension
Exposed,5.2,0.9432614732668513,Hypertension
Exposed,5.300000000000001,0.9420614301627486,Hypertension
Exposed,5.4,0.9413385899863381,Hypertension
Exposed,5.5,0.9387038213399307,Hypertension
Exposed,5.6000000000000005,0.9371799205031394,Hypertension
Exposed,5.7,0.9362918412795154,Hypertension
Exposed,5.800000000000001,0.9355360907685922,Hypertension
Exposed,5.9,0.9342317375588634,Hypertension
Exposed,6,0.9308311248422246,Hypertension
Exposed,6.1000000000000005,0.9296515869874146,Hypertension
Exposed,6.2,0.9276628973766173,Hypertension
Exposed,6.300000000000001,0.9266860343494502,Hypertension
Exposed,6.4,0.9246784534801661,Hypertension
Exposed,6.5,0.9224631621370765,Hypertension
Exposed,6.6000000000000005,0.9212457294356322,Hypertension
Exposed,6.7,0.9192122568627936,Hypertension
Exposed,6.800000000000001,0.9185048328530173,Hypertension
Exposed,6.9,0.9173723927043346,Hypertension
Exposed,7,0.915281010136852,Hypertension
Exposed,7.1000000000000005,0.9145881473708362,Hypertension
Exposed,7.2,0.9133648234604121,Hypertension
Exposed,7.300000000000001,0.9123498315507258,Hypertension
Exposed,7.4,0.9112807742956108,Hypertension
Exposed,7.5,0.9085311571722241,Hypertension
Exposed,7.6000000000000005,0.9069484190662419,Hypertension
Exposed,7.7,0.9056216119262871,Hypertension
Exposed,7.800000000000001,0.9046516646504899,Hypertension
Exposed,7.9,0.903814180555216,Hypertension
Exposed,8,0.901799286958932,Hypertension
Exposed,8.1,0.9008275801207286,Hypertension
Exposed,8.200000000000001,0.8999747819215144,Hypertension
Exposed,8.3,0.8989667853043208,Hypertension
Exposed,8.4,0.8944438174217294,Hypertension
Exposed,8.5,0.8922084776454259,Hypertension
Exposed,8.6,0.8914144244561167,Hypertension
Exposed,8.700000000000001,0.8905002232921467,Hypertension
Exposed,8.8,0.8898517898091581,Hypertension
Exposed,8.9,0.8889351012851259,Hypertension
Exposed,9,0.887109481752929,Hypertension
Exposed,9.1,0.8859300106704424,Hypertension
Exposed,9.200000000000001,0.8838399840129084,Hypertension
Exposed,9.3,0.8829286182069979,Hypertension
Exposed,9.4,0.882312160487871,Hypertension
Exposed,9.5,0.8786485369894546,Hypertension
Exposed,9.600000000000001,0.8774069100099935,Hypertension
Exposed,9.700000000000001,0.8766718038643254,Hypertension
Exposed,9.8,0.8760172542393795,Hypertension
Exposed,9.9,0.8752558878316824,Hypertension
Exposed,10,0.8731254641482841,Hypertension
Exposed,10.100000000000001,0.8721166515196772,Hypertension
Exposed,10.200000000000001,0.8708297833514161,Hypertension
Exposed,10.3,0.8693214198893435,Hypertension
Exposed,10.4,0.8683227502270743,Hypertension
Exposed,10.5,0.8660777910761337,Hypertension
Exposed,10.600000000000001,0.8642474282074126,Hypertension
Exposed,10.700000000000001,0.8630900743952287,Hypertension
Exposed,10.8,0.8623404898246401,Hypertension
Exposed,10.9,0.8615943939556601,Hypertension
Exposed,11,0.8590360261769596,Hypertension
Exposed,11.100000000000001,0.8584313122549843,Hypertension
Exposed,11.200000000000001,0.8568329901817422,Hypertension
Exposed,11.3,0.8558317469794812,Hypertension
Exposed,11.4,0.8544262342999398,Hypertension
Exposed,11.5,0.8526510778826781,Hypertension
Exposed,11.600000000000001,0.8514745974663583,Hypertension
Exposed,11.700000000000001,0.8508467772134444,Hypertension
Exposed,11.8,0.8499335292260475,Hypertension
Exposed,11.9,0.8484701028369849,Hypertension
Exposed,12,0.8458551925646732,Hypertension
Exposed,12.100000000000001,0.8448540004695722,Hypertension
Exposed,12.200000000000001,0.8441843484877846,Hypertension
Exposed,12.3,0.8432763385823752,Hypertension
Exposed,12.4,0.8418337199813918,Hypertension
Exposed,12.5,0.8402515533350625,Hypertension
Exposed,12.600000000000001,0.8391797224297795,Hypertension
Exposed,12.700000000000001,0.8381036160097816,Hypertension
Exposed,12.8,0.8376734395834975,Hypertension
Exposed,12.9,0.8361206129436469,Hypertension
Exposed,13,0.8343649718923919,Hypertension
Exposed,13.100000000000001,0.8336419813212864,Hypertension
Exposed,13.200000000000001,0.8320469955896146,Hypertension
Exposed,13.3,0.8307857430707133,Hypertension
Exposed,13.4,0.8299544659088093,Hypertension
Exposed,13.5,0.8275268955233203,Hypertension
Exposed,13.600000000000001,0.8267092232564366,Hypertension
Exposed,13.700000000000001,0.8259338155121596,Hypertension
Exposed,13.8,0.8249336389210735,Hypertension
Exposed,13.9,0.8237980877107083,Hypertension
Exposed,14,0.8201884683318162,Hypertension
Exposed,14.100000000000001,0.8195261411105377,Hypertension
Exposed,14.200000000000001,0.8180114211828801,Hypertension
Exposed,14.3,0.8172870347504034,Hypertension
Exposed,14.4,0.8162202786561206,Hypertension
Exposed,14.5,0.811990638915319,Hypertension
Exposed,14.600000000000001,0.8112031676231828,Hypertension
Exposed,14.700000000000001,0.8093110647273641,Hypertension
Exposed,14.8,0.8070645449685397,Hypertension
Exposed,14.9,0.8060653410412782,Hypertension
Exposed,15,0.8042927765131642,Hypertension
Exposed,15.100000000000001,0.8031729678796027,Hypertension
Exposed,15.200000000000001,0.8016341747369584,Hypertension
Exposed,15.3,0.8005249926050082,Hypertension
Exposed,15.4,0.7986914223633717,Hypertension
Exposed,15.5,0.7972810437239218,Hypertension
Exposed,15.600000000000001,0.7960520579192808,Hypertension
Exposed,15.700000000000001,0.7948297117300839,Hypertension
Exposed,15.8,0.7935295940101008,Hypertension
Exposed,15.9,0.7915475298909487,Hypertension
Exposed,16,0.7902492097671558,Hypertension
Exposed,16.1,0.788963191001044,Hypertension
Exposed,16.2,0.7882571753304706,Hypertension
Exposed,16.3,0.7851261265237259,Hypertension
Exposed,16.400000000000002,0.78402108226467,Hypertension
Exposed,16.5,0.7818111618478283,Hypertension
Exposed,16.6,0.7809954592297942,Hypertension
Exposed,16.7,0.7803019362737206,Hypertension
Exposed,16.8,0.7766735462033868,Hypertension
Exposed,16.900000000000002,0.7760934017710888,Hypertension
Exposed,17,0.7730278315615484,Hypertension
Exposed,17.1,0.7727355052121054,Hypertension
Exposed,17.2,0.7711721300710307,Hypertension
Exposed,17.3,0.7688119543450351,Hypertension
Exposed,17.400000000000002,0.7674603675215338,Hypertension
Exposed,17.5,0.7653492461582302,Hypertension
Exposed,17.6,0.764532991565517,Hypertension
Exposed,17.7,0.7639678532652847,Hypertension
Exposed,17.8,0.7627801501869933,Hypertension
Exposed,17.900000000000002,0.7613092511560129,Hypertension
Exposed,18,0.7595180059758982,Hypertension
Unexposed,0,0.9998660350920464,Hypertension
Unexposed,0.1,0.9993350402100587,Hypertension
Unexposed,0.2,0.99857097122318506,Hypertension
Unexposed,0.30000000000000004,0.9979929300886796,Hypertension
Unexposed,0.4,0.997652077235033,Hypertension
Unexposed,0.5,0.996391995568856,Hypertension
Unexposed,0.6000000000000001,0.9954345981912639,Hypertension
Unexposed,0.7000000000000001,0.9944506205226238,Hypertension
Unexposed,0.8,0.9937699947787082,Hypertension
Unexposed,0.9,0.9930536621944536,Hypertension
Unexposed,1,0.9915591628993464,Hypertension
Unexposed,1.1,0.9909157713516086,Hypertension
Unexposed,1.2000000000000002,0.9900026819500244,Hypertension
Unexposed,1.3,0.9893356527350868,Hypertension
Unexposed,1.4000000000000001,0.9883274513510127,Hypertension
Unexposed,1.5,0.9869898389990187,Hypertension
Unexposed,1.6,0.9853592972030747,Hypertension
Unexposed,1.7000000000000002,0.9849433451476266,Hypertension
Unexposed,1.8,0.9843142531462069,Hypertension
Unexposed,1.9000000000000001,0.9836372505596748,Hypertension
Unexposed,2,0.9818663705183217,Hypertension
Unexposed,2.1,0.9812681864282032,Hypertension
Unexposed,2.2,0.9804784413202043,Hypertension
Unexposed,2.3000000000000003,0.9794037788387716,Hypertension
Unexposed,2.4000000000000004,0.9787805117178413,Hypertension
Unexposed,2.5,0.9769748444801201,Hypertension
Unexposed,2.6,0.9759296277984157,Hypertension
Unexposed,2.7,0.9754643169907862,Hypertension
Unexposed,2.8000000000000003,0.9746009858690935,Hypertension
Unexposed,2.9000000000000004,0.9737584670280127,Hypertension
Unexposed,3,0.9721139580506061,Hypertension
Unexposed,3.1,0.9713324647067648,Hypertension
Unexposed,3.2,0.9702797242872061,Hypertension
Unexposed,3.3000000000000003,0.9689975035446281,Hypertension
Unexposed,3.4000000000000004,0.9680967303924675,Hypertension
Unexposed,3.5,0.9654206064519297,Hypertension
Unexposed,3.6,0.9646745337264409,Hypertension
Unexposed,3.7,0.9637144190047306,Hypertension
Unexposed,3.8000000000000003,0.9633059664237029,Hypertension
Unexposed,3.9000000000000004,0.9620053563299665,Hypertension
Unexposed,4,0.960769109253655,Hypertension
Unexposed,4.1000000000000005,0.9603738424384708,Hypertension
Unexposed,4.2,0.9598721289033189,Hypertension
Unexposed,4.3,0.9587310178836078,Hypertension
Unexposed,4.4,0.9580272976613473,Hypertension
Unexposed,4.5,0.9561170233901813,Hypertension
Unexposed,4.6000000000000005,0.9553747219229244,Hypertension
Unexposed,4.7,0.9536383431698143,Hypertension
Unexposed,4.800000000000001,0.9529022054796505,Hypertension
Unexposed,4.9,0.9524014950361513,Hypertension
Unexposed,5,0.9497301706576126,Hypertension
Unexposed,5.1000000000000005,0.9484571535485669,Hypertension
Unexposed,5.2,0.9476862579284053,Hypertension
Unexposed,5.300000000000001,0.9464846349178941,Hypertension
Unexposed,5.4,0.9457823269815674,Hypertension
Unexposed,5.5,0.9446141313400387,Hypertension
Unexposed,5.6000000000000005,0.9430885834945746,Hypertension
Unexposed,5.7,0.9414883972754693,Hypertension
Unexposed,5.800000000000001,0.9400318957248874,Hypertension
Unexposed,5.9,0.9394364509654065,Hypertension
Unexposed,6,0.9375222650874836,Hypertension
Unexposed,6.1000000000000005,0.9370950170187169,Hypertension
Unexposed,6.2,0.9360468606874318,Hypertension
Unexposed,6.300000000000001,0.9354600596511957,Hypertension
Unexposed,6.4,0.9342829371471993,Hypertension
Unexposed,6.5,0.9325495710373624,Hypertension
Unexposed,6.6000000000000005,0.9319751264220083,Hypertension
Unexposed,6.7,0.9311049884526817,Hypertension
Unexposed,6.800000000000001,0.9298329417346652,Hypertension
Unexposed,6.9,0.9291170912180216,Hypertension
Unexposed,7,0.9273246049559006,Hypertension
Unexposed,7.1000000000000005,0.9259191422753863,Hypertension
Unexposed,7.2,0.9250117356394928,Hypertension
Unexposed,7.300000000000001,0.9235847038454561,Hypertension
Unexposed,7.4,0.9220882008805974,Hypertension
Unexposed,7.5,0.9203586853220458,Hypertension
Unexposed,7.6000000000000005,0.9189645799187894,Hypertension
Unexposed,7.7,0.9182562919589671,Hypertension
Unexposed,7.800000000000001,0.9171912457345723,Hypertension
Unexposed,7.9,0.9164520833042865,Hypertension
Unexposed,8,0.9149439613713325,Hypertension
Unexposed,8.1,0.9142810372432514,Hypertension
Unexposed,8.200000000000001,0.9136369667480675,Hypertension
Unexposed,8.3,0.9130040372386798,Hypertension
Unexposed,8.4,0.9121614634729874,Hypertension
Unexposed,8.5,0.9110304930765994,Hypertension
Unexposed,8.6,0.910297029883347,Hypertension
Unexposed,8.700000000000001,0.9091380633736167,Hypertension
Unexposed,8.8,0.9075356249188609,Hypertension
Unexposed,8.9,0.9068292906433527,Hypertension
Unexposed,9,0.9044232950107988,Hypertension
Unexposed,9.1,0.9032851980021058,Hypertension
Unexposed,9.200000000000001,0.9025269489781642,Hypertension
Unexposed,9.3,0.9016280692672745,Hypertension
Unexposed,9.4,0.900781154898091,Hypertension
Unexposed,9.5,0.898599416571185,Hypertension
Unexposed,9.600000000000001,0.8976896038232371,Hypertension
Unexposed,9.700000000000001,0.8967789230079849,Hypertension
Unexposed,9.8,0.8955493191435403,Hypertension
Unexposed,9.9,0.8948567427781445,Hypertension
Unexposed,10,0.8928692506912561,Hypertension
Unexposed,10.100000000000001,0.8911898439996223,Hypertension
Unexposed,10.200000000000001,0.890298769577146,Hypertension
Unexposed,10.3,0.8884220701034401,Hypertension
Unexposed,10.4,0.8872878870772443,Hypertension
Unexposed,10.5,0.8848482777624986,Hypertension
Unexposed,10.600000000000001,0.8841010426037907,Hypertension
Unexposed,10.700000000000001,0.8833204028436041,Hypertension
Unexposed,10.8,0.8820170507846057,Hypertension
Unexposed,10.9,0.8812476443969641,Hypertension
Unexposed,11,0.880071541627638,Hypertension
Unexposed,11.100000000000001,0.8795198661812696,Hypertension
Unexposed,11.200000000000001,0.8788157856124624,Hypertension
Unexposed,11.3,0.8780387186657487,Hypertension
Unexposed,11.4,0.8766320898808644,Hypertension
Unexposed,11.5,0.8756113431045917,Hypertension
Unexposed,11.600000000000001,0.8748160775056557,Hypertension
Unexposed,11.700000000000001,0.8730605003533812,Hypertension
Unexposed,11.8,0.872123990632725,Hypertension
Unexposed,11.9,0.871308589144918,Hypertension
Unexposed,12,0.8690503533935464,Hypertension
Unexposed,12.100000000000001,0.8680909670953483,Hypertension
Unexposed,12.200000000000001,0.8666124064968961,Hypertension
Unexposed,12.3,0.8659447890480908,Hypertension
Unexposed,12.4,0.8649648443144208,Hypertension
Unexposed,12.5,0.8627423461625169,Hypertension
Unexposed,12.600000000000001,0.8619172499084903,Hypertension
Unexposed,12.700000000000001,0.8614170449214035,Hypertension
Unexposed,12.8,0.8603890938354524,Hypertension
Unexposed,12.9,0.8594279955532665,Hypertension
Unexposed,13,0.8564407943157856,Hypertension
Unexposed,13.100000000000001,0.8554531737988836,Hypertension
Unexposed,13.200000000000001,0.8535928409667725,Hypertension
Unexposed,13.3,0.8529711295515446,Hypertension
Unexposed,13.4,0.8518428708694239,Hypertension
Unexposed,13.5,0.8500920821851515,Hypertension
Unexposed,13.600000000000001,0.8494804260532683,Hypertension
Unexposed,13.700000000000001,0.8490402438674728,Hypertension
Unexposed,13.8,0.8481505435171941,Hypertension
Unexposed,13.9,0.8462812261974192,Hypertension
Unexposed,14,0.8447513272051422,Hypertension
Unexposed,14.100000000000001,0.8427652335584821,Hypertension
Unexposed,14.200000000000001,0.8417696071549348,Hypertension
Unexposed,14.3,0.8405228533820052,Hypertension
Unexposed,14.4,0.8401565701303012,Hypertension
Unexposed,14.5,0.8380436636588381,Hypertension
Unexposed,14.600000000000001,0.8367115230323646,Hypertension
Unexposed,14.700000000000001,0.835927798882894,Hypertension
Unexposed,14.8,0.8351357089817191,Hypertension
Unexposed,14.9,0.8333806063124997,Hypertension
Unexposed,15,0.8313175719662793,Hypertension
Unexposed,15.100000000000001,0.8300313125234464,Hypertension
Unexposed,15.200000000000001,0.8289492419729534,Hypertension
Unexposed,15.3,0.8268210165722579,Hypertension
Unexposed,15.4,0.8251763387191525,Hypertension
Unexposed,15.5,0.8236931693810833,Hypertension
Unexposed,15.600000000000001,0.8224535157655545,Hypertension
Unexposed,15.700000000000001,0.8218995986396416,Hypertension
Unexposed,15.8,0.8210342225173518,Hypertension
Unexposed,15.9,0.8196754821389355,Hypertension
Unexposed,16,0.8175677229511008,Hypertension
Unexposed,16.1,0.8172763007430514,Hypertension
Unexposed,16.2,0.8157948136566122,Hypertension
Unexposed,16.3,0.8148009339530355,Hypertension
Unexposed,16.400000000000002,0.81376774321241,Hypertension
Unexposed,16.5,0.8119218221305416,Hypertension
Unexposed,16.6,0.81095884430429,Hypertension
Unexposed,16.7,0.8100378887360948,Hypertension
Unexposed,16.8,0.8084138326550147,Hypertension
Unexposed,16.900000000000002,0.8061823919985869,Hypertension
Unexposed,17,0.8035226583037085,Hypertension
Unexposed,17.1,0.8021780148155452,Hypertension
Unexposed,17.2,0.8014424049754508,Hypertension
Unexposed,17.3,0.8000719687961353,Hypertension
Unexposed,17.400000000000002,0.7992495412429861,Hypertension
Unexposed,17.5,0.7972111871061582,Hypertension
Unexposed,17.6,0.7968506731901629,Hypertension
Unexposed,17.7,0.7960477424269022,Hypertension
Unexposed,17.8,0.7957908930379012,Hypertension
Unexposed,17.900000000000002,0.792523367525798,Hypertension
Unexposed,18,0.7907921973889235,Hypertension
Exposed,0,0.9998727468947782,Chronic kidney disease
Exposed,0.1,0.9992754988721105,Chronic kidney disease
Exposed,0.2,0.9973704865334984,Chronic kidney disease
Exposed,0.30000000000000004,0.9964353915335928,Chronic kidney disease
Exposed,0.4,0.9956779280436566,Chronic kidney disease
Exposed,0.5,0.9928237254746584,Chronic kidney disease
Exposed,0.6000000000000001,0.991640933180663,Chronic kidney disease
Exposed,0.7000000000000001,0.9905584344399505,Chronic kidney disease
Exposed,0.8,0.9892024246902638,Chronic kidney disease
Exposed,0.9,0.9885464663295367,Chronic kidney disease
Exposed,1,0.9856166797325752,Chronic kidney disease
Exposed,1.1,0.9845797127526733,Chronic kidney disease
Exposed,1.2000000000000002,0.9833363657387143,Chronic kidney disease
Exposed,1.3,0.9814511510571878,Chronic kidney disease
Exposed,1.4000000000000001,0.9799031753803875,Chronic kidney disease
Exposed,1.5,0.9775002461397256,Chronic kidney disease
Exposed,1.6,0.9764431931566451,Chronic kidney disease
Exposed,1.7000000000000002,0.9755369007967274,Chronic kidney disease
Exposed,1.8,0.9750352600374609,Chronic kidney disease
Exposed,1.9000000000000001,0.9725498511811499,Chronic kidney disease
Exposed,2,0.9699031727072518,Chronic kidney disease
Exposed,2.1,0.9682278726846731,Chronic kidney disease
Exposed,2.2,0.9664649951305511,Chronic kidney disease
Exposed,2.3000000000000003,0.9650428381272872,Chronic kidney disease
Exposed,2.4000000000000004,0.964163207170316,Chronic kidney disease
Exposed,2.5,0.9616871892613665,Chronic kidney disease
Exposed,2.6,0.9608717791720217,Chronic kidney disease
Exposed,2.7,0.9591526714112805,Chronic kidney disease
Exposed,2.8000000000000003,0.9581011458183439,Chronic kidney disease
Exposed,2.9000000000000004,0.9571198149843464,Chronic kidney disease
Exposed,3,0.954900365686457,Chronic kidney disease
Exposed,3.1,0.9542212819671295,Chronic kidney disease
Exposed,3.2,0.9529192138932157,Chronic kidney disease
Exposed,3.3000000000000003,0.9522115449794775,Chronic kidney disease
Exposed,3.4000000000000004,0.9504254649186611,Chronic kidney disease
Exposed,3.5,0.947150147283896,Chronic kidney disease
Exposed,3.6,0.9454049179069608,Chronic kidney disease
Exposed,3.7,0.9436450525344422,Chronic kidney disease
Exposed,3.8000000000000003,0.9427481256237056,Chronic kidney disease
Exposed,3.9000000000000004,0.9415482474280101,Chronic kidney disease
Exposed,4,0.9391519205060045,Chronic kidney disease
Exposed,4.1000000000000005,0.937941995964288,Chronic kidney disease
Exposed,4.2,0.937429072753507,Chronic kidney disease
Exposed,4.3,0.9357498231826419,Chronic kidney disease
Exposed,4.4,0.9341024557092487,Chronic kidney disease
Exposed,4.5,0.9312243458492082,Chronic kidney disease
Exposed,4.6000000000000005,0.9300846478891645,Chronic kidney disease
Exposed,4.7,0.9288208650119588,Chronic kidney disease
Exposed,4.800000000000001,0.9279275295332201,Chronic kidney disease
Exposed,4.9,0.9267950476860962,Chronic kidney disease
Exposed,5,0.9236809100324177,Chronic kidney disease
Exposed,5.1000000000000005,0.922351956281352,Chronic kidney disease
Exposed,5.2,0.9215619936716655,Chronic kidney disease
Exposed,5.300000000000001,0.9204107622493133,Chronic kidney disease
Exposed,5.4,0.919741594126032,Chronic kidney disease
Exposed,5.5,0.9176812296779036,Chronic kidney disease
Exposed,5.6000000000000005,0.9162477317035811,Chronic kidney disease
Exposed,5.7,0.9148411957968995,Chronic kidney disease
Exposed,5.800000000000001,0.9134741669883971,Chronic kidney disease
Exposed,5.9,0.912272181334128,Chronic kidney disease
Exposed,6,0.9084112332660462,Chronic kidney disease
Exposed,6.1000000000000005,0.9073271616811309,Chronic kidney disease
Exposed,6.2,0.9039023889408481,Chronic kidney disease
Exposed,6.300000000000001,0.9030441707194525,Chronic kidney disease
Exposed,6.4,0.9008246465483015,Chronic kidney disease
Exposed,6.5,0.8985672912703943,Chronic kidney disease
Exposed,6.6000000000000005,0.8974405058095353,Chronic kidney disease
Exposed,6.7,0.895495128641237,Chronic kidney disease
Exposed,6.800000000000001,0.894141919647912,Chronic kidney disease
Exposed,6.9,0.892345298646055,Chronic kidney disease
Exposed,7,0.8901226707596499,Chronic kidney disease
Exposed,7.1000000000000005,0.8888904794299005,Chronic kidney disease
Exposed,7.2,0.8875297330638623,Chronic kidney disease
Exposed,7.300000000000001,0.8858501934756718,Chronic kidney disease
Exposed,7.4,0.8848991784329615,Chronic kidney disease
Exposed,7.5,0.8818564454978614,Chronic kidney disease
Exposed,7.6000000000000005,0.8798826466577259,Chronic kidney disease
Exposed,7.7,0.8788892239374994,Chronic kidney disease
Exposed,7.800000000000001,0.8768894666026756,Chronic kidney disease
Exposed,7.9,0.8756140541570534,Chronic kidney disease
Exposed,8,0.8736442090091806,Chronic kidney disease
Exposed,8.1,0.8726715482588941,Chronic kidney disease
Exposed,8.200000000000001,0.8714053708719518,Chronic kidney disease
Exposed,8.3,0.8704960846803308,Chronic kidney disease
Exposed,8.4,0.8696935923845804,Chronic kidney disease
Exposed,8.5,0.868271050545273,Chronic kidney disease
Exposed,8.6,0.8669328472027066,Chronic kidney disease
Exposed,8.700000000000001,0.8660820502040348,Chronic kidney disease
Exposed,8.8,0.8650496943687556,Chronic kidney disease
Exposed,8.9,0.8636138099259307,Chronic kidney disease
Exposed,9,0.8605167149246015,Chronic kidney disease
Exposed,9.1,0.859745811995198,Chronic kidney disease
Exposed,9.200000000000001,0.8575604288511879,Chronic kidney disease
Exposed,9.3,0.8567462471182361,Chronic kidney disease
Exposed,9.4,0.8557424391440569,Chronic kidney disease
Exposed,9.5,0.8509616618692806,Chronic kidney disease
Exposed,9.600000000000001,0.849663290376056,Chronic kidney disease
Exposed,9.700000000000001,0.8464214704659081,Chronic kidney disease
Exposed,9.8,0.8440901821640308,Chronic kidney disease
Exposed,9.9,0.8430617939763311,Chronic kidney disease
Exposed,10,0.8404366656239945,Chronic kidney disease
Exposed,10.100000000000001,0.839216565371689,Chronic kidney disease
Exposed,10.200000000000001,0.8374364769240833,Chronic kidney disease
Exposed,10.3,0.836246456934292,Chronic kidney disease
Exposed,10.4,0.8344419274192301,Chronic kidney disease
Exposed,10.5,0.8322039868986014,Chronic kidney disease
Exposed,10.600000000000001,0.8314231360620332,Chronic kidney disease
Exposed,10.700000000000001,0.8295519484682172,Chronic kidney disease
Exposed,10.8,0.8289944112655279,Chronic kidney disease
Exposed,10.9,0.8273586955093636,Chronic kidney disease
Exposed,11,0.8253010238988678,Chronic kidney disease
Exposed,11.100000000000001,0.8247654695411495,Chronic kidney disease
Exposed,11.200000000000001,0.8222835152582619,Chronic kidney disease
Exposed,11.3,0.8213304594674244,Chronic kidney disease
Exposed,11.4,0.8204781486869314,Chronic kidney disease
Exposed,11.5,0.8181808627783347,Chronic kidney disease
Exposed,11.600000000000001,0.8136448163561661,Chronic kidney disease
Exposed,11.700000000000001,0.8122537885666884,Chronic kidney disease
Exposed,11.8,0.8104710321647774,Chronic kidney disease
Exposed,11.9,0.809694263206932,Chronic kidney disease
Exposed,12,0.8060613264982003,Chronic kidney disease
Exposed,12.100000000000001,0.8043832780981123,Chronic kidney disease
Exposed,12.200000000000001,0.8037818141555465,Chronic kidney disease
Exposed,12.3,0.8028263792025487,Chronic kidney disease
Exposed,12.4,0.8010494285343857,Chronic kidney disease
Exposed,12.5,0.7994902085862089,Chronic kidney disease
Exposed,12.600000000000001,0.7979549581213037,Chronic kidney disease
Exposed,12.700000000000001,0.7972910010178995,Chronic kidney disease
Exposed,12.8,0.7959870554240966,Chronic kidney disease
Exposed,12.9,0.7952618791707601,Chronic kidney disease
Exposed,13,0.7909935406980211,Chronic kidney disease
Exposed,13.100000000000001,0.790870424206627,Chronic kidney disease
Exposed,13.200000000000001,0.7893895575789036,Chronic kidney disease
Exposed,13.3,0.7883493448502856,Chronic kidney disease
Exposed,13.4,0.7878789234028413,Chronic kidney disease
Exposed,13.5,0.7865228962596311,Chronic kidney disease
Exposed,13.600000000000001,0.7853856646748135,Chronic kidney disease
Exposed,13.700000000000001,0.7840977350035351,Chronic kidney disease
Exposed,13.8,0.7826048135992227,Chronic kidney disease
Exposed,13.9,0.7820648255915759,Chronic kidney disease
Exposed,14,0.77907872320050775,Chronic kidney disease
Exposed,14.100000000000001,0.776357336280089,Chronic kidney disease
Exposed,14.200000000000001,0.7755718400105965,Chronic kidney disease
Exposed,14.3,0.7754500377113942,Chronic kidney disease
Exposed,14.4,0.7746989200150367,Chronic kidney disease
Exposed,14.5,0.7731355919814713,Chronic kidney disease
Exposed,14.600000000000001,0.7727278954876702,Chronic kidney disease
Exposed,14.700000000000001,0.7720224714652018,Chronic kidney disease
Exposed,14.8,0.7700648273071299,Chronic kidney disease
Exposed,14.9,0.769199751088421,Chronic kidney disease
Exposed,15,0.766286870805249,Chronic kidney disease
Exposed,15.100000000000001,0.7656134936194771,Chronic kidney disease
Exposed,15.200000000000001,0.7633638695702852,Chronic kidney disease
Exposed,15.3,0.761934494956458,Chronic kidney disease
Exposed,15.4,0.7593491281851895,Chronic kidney disease
Exposed,15.5,0.7585791074037395,Chronic kidney disease
Exposed,15.600000000000001,0.7583191501920367,Chronic kidney disease
Exposed,15.700000000000001,0.7574919721939757,Chronic kidney disease
Exposed,15.8,0.7567610162946807,Chronic kidney disease
Exposed,15.9,0.7554916731435286,Chronic kidney disease
Exposed,16,0.75324915376742,Chronic kidney disease
Exposed,16.1,0.7528732670798314,Chronic kidney disease
Exposed,16.2,0.7519307655219968,Chronic kidney disease
Exposed,16.3,0.7511827687107744,Chronic kidney disease
Exposed,16.400000000000002,0.7506933418792773,Chronic kidney disease
Exposed,16.5,0.7491446148636575,Chronic kidney disease
Exposed,16.6,0.7478389025335958,Chronic kidney disease
Exposed,16.7,0.7475168608803454,Chronic kidney disease
Exposed,16.8,0.7468663088561358,Chronic kidney disease
Exposed,16.900000000000002,0.7456763263509887,Chronic kidney disease
Exposed,17,0.7439052306953073,Chronic kidney disease
Exposed,17.1,0.743311298605422,Chronic kidney disease
Exposed,17.2,0.742545458392868,Chronic kidney disease
Exposed,17.3,0.7421712920315722,Chronic kidney disease
Exposed,17.400000000000002,0.7416449403622491,Chronic kidney disease
Exposed,17.5,0.7398635757516203,Chronic kidney disease
Exposed,17.6,0.7398635757516203,Chronic kidney disease
Exposed,17.7,0.7397684073342481,Chronic kidney disease
Exposed,17.8,0.7397684073342481,Chronic kidney disease
Exposed,17.900000000000002,0.7393672659190782,Chronic kidney disease
Exposed,18,0.7392212091792635,Chronic kidney disease
Unexposed,0,0.9999410211052966,Chronic kidney disease
Unexposed,0.1,0.9997236165033178,Chronic kidney disease
Unexposed,0.2,0.9991044639130696,Chronic kidney disease
Unexposed,0.30000000000000004,0.9986902532108906,Chronic kidney disease
Unexposed,0.4,0.9982546170403298,Chronic kidney disease
Unexposed,0.5,0.9973153615110463,Chronic kidney disease
Unexposed,0.6000000000000001,0.9966094913602955,Chronic kidney disease
Unexposed,0.7000000000000001,0.995982774794661,Chronic kidney disease
Unexposed,0.8,0.9954889878962958,Chronic kidney disease
Unexposed,0.9,0.9950294186208953,Chronic kidney disease
Unexposed,1,0.994148717576283,Chronic kidney disease
Unexposed,1.1,0.9936928120118913,Chronic kidney disease
Unexposed,1.2000000000000002,0.992935301184088,Chronic kidney disease
Unexposed,1.3,0.9923009619193625,Chronic kidney disease
Unexposed,1.4000000000000001,0.9918227375264989,Chronic kidney disease
Unexposed,1.5,0.9910246449722394,Chronic kidney disease
Unexposed,1.6,0.9903631575906536,Chronic kidney disease
Unexposed,1.7000000000000002,0.9898753254598426,Chronic kidney disease
Unexposed,1.8,0.9893631247251274,Chronic kidney disease
Unexposed,1.9000000000000001,0.9885546626420256,Chronic kidney disease
Unexposed,2,0.987184503317013,Chronic kidney disease
Unexposed,2.1,0.9868405418041397,Chronic kidney disease
Unexposed,2.2,0.986273969874793,Chronic kidney disease
Unexposed,2.3000000000000003,0.9857311667911056,Chronic kidney disease
Unexposed,2.4000000000000004,0.9851701707351266,Chronic kidney disease
Unexposed,2.5,0.9835732763894147,Chronic kidney disease
Unexposed,2.6,0.983087925271654,Chronic kidney disease
Unexposed,2.7,0.9825193946905075,Chronic kidney disease
Unexposed,2.8000000000000003,0.9815827807174972,Chronic kidney disease
Unexposed,2.9000000000000004,0.9806330461627532,Chronic kidney disease
Unexposed,3,0.979225384044885,Chronic kidney disease
Unexposed,3.1,0.9785384434666552,Chronic kidney disease
Unexposed,3.2,0.9777735870639758,Chronic kidney disease
Unexposed,3.3000000000000003,0.9771145018926296,Chronic kidney disease
Unexposed,3.4000000000000004,0.9764906871069775,Chronic kidney disease
Unexposed,3.5,0.9748037942835046,Chronic kidney disease
Unexposed,3.6,0.9741918852705739,Chronic kidney disease
Unexposed,3.7,0.9734698869015171,Chronic kidney disease
Unexposed,3.8000000000000003,0.9725690826061433,Chronic kidney disease
Unexposed,3.9000000000000004,0.9718611710189584,Chronic kidney disease
Unexposed,4,0.9705368306770839,Chronic kidney disease
Unexposed,4.1000000000000005,0.9698474248170291,Chronic kidney disease
Unexposed,4.2,0.9691141091244838,Chronic kidney disease
Unexposed,4.3,0.9682589065530306,Chronic kidney disease
Unexposed,4.4,0.9674312083882857,Chronic kidney disease
Unexposed,4.5,0.9658237941364487,Chronic kidney disease
Unexposed,4.6000000000000005,0.9650396803750612,Chronic kidney disease
Unexposed,4.7,0.9638558503761114,Chronic kidney disease
Unexposed,4.800000000000001,0.9630630971327867,Chronic kidney disease
Unexposed,4.9,0.9621989060340305,Chronic kidney disease
Unexposed,5,0.9601141812881888,Chronic kidney disease
Unexposed,5.1000000000000005,0.9593593402288234,Chronic kidney disease
Unexposed,5.2,0.9586309944947891,Chronic kidney disease
Unexposed,5.300000000000001,0.9575811730500953,Chronic kidney disease
Unexposed,5.4,0.9568907966433686,Chronic kidney disease
Unexposed,5.5,0.9553369367183189,Chronic kidney disease
Unexposed,5.6000000000000005,0.9541556731319983,Chronic kidney disease
Unexposed,5.7,0.9532243794688807,Chronic kidney disease
Unexposed,5.800000000000001,0.95248370703281,Chronic kidney disease
Unexposed,5.9,0.951443326792565,Chronic kidney disease
Unexposed,6,0.9493882116740391,Chronic kidney disease
Unexposed,6.1000000000000005,0.9487097000842937,Chronic kidney disease
Unexposed,6.2,0.9479362326147562,Chronic kidney disease
Unexposed,6.300000000000001,0.9470409669173452,Chronic kidney disease
Unexposed,6.4,0.9461378633281998,Chronic kidney disease
Unexposed,6.5,0.944101074153222,Chronic kidney disease
Unexposed,6.6000000000000005,0.9430225515898474,Chronic kidney disease
Unexposed,6.7,0.9419082120778435,Chronic kidney disease
Unexposed,6.800000000000001,0.9410062359517013,Chronic kidney disease
Unexposed,6.9,0.940211905489917,Chronic kidney disease
Unexposed,7,0.9385934639293416,Chronic kidney disease
Unexposed,7.1000000000000005,0.9377236128881523,Chronic kidney disease
Unexposed,7.2,0.9369277184994941,Chronic kidney disease
Unexposed,7.300000000000001,0.9358077989880972,Chronic kidney disease
Unexposed,7.4,0.9348716688906119,Chronic kidney disease
Unexposed,7.5,0.9330385671205945,Chronic kidney disease
Unexposed,7.6000000000000005,0.9318198441076724,Chronic kidney disease
Unexposed,7.7,0.9306904489432704,Chronic kidney disease
Unexposed,7.800000000000001,0.9296614686341937,Chronic kidney disease
Unexposed,7.9,0.9288634800986235,Chronic kidney disease
Unexposed,8,0.9274383304415423,Chronic kidney disease
Unexposed,8.1,0.9266161175524046,Chronic kidney disease
Unexposed,8.200000000000001,0.9259664328374826,Chronic kidney disease
Unexposed,8.3,0.9249500705778136,Chronic kidney disease
Unexposed,8.4,0.9236975931584263,Chronic kidney disease
Unexposed,8.5,0.9219693794018042,Chronic kidney disease
Unexposed,8.6,0.921421516105008,Chronic kidney disease
Unexposed,8.700000000000001,0.9204774015765932,Chronic kidney disease
Unexposed,8.8,0.9195786522881564,Chronic kidney disease
Unexposed,8.9,0.9183575198593072,Chronic kidney disease
Unexposed,9,0.9165100497668454,Chronic kidney disease
Unexposed,9.1,0.9155647688844175,Chronic kidney disease
Unexposed,9.200000000000001,0.9143981888776188,Chronic kidney disease
Unexposed,9.3,0.9131865157652409,Chronic kidney disease
Unexposed,9.4,0.9124363770108022,Chronic kidney disease
Unexposed,9.5,0.910397217774932,Chronic kidney disease
Unexposed,9.600000000000001,0.909377612651814,Chronic kidney disease
Unexposed,9.700000000000001,0.9088869423496962,Chronic kidney disease
Unexposed,9.8,0.908201197064162,Chronic kidney disease
Unexposed,9.9,0.9076324891897053,Chronic kidney disease
Unexposed,10,0.9056629162921761,Chronic kidney disease
Unexposed,10.100000000000001,0.904490163570184,Chronic kidney disease
Unexposed,10.200000000000001,0.9034382229758835,Chronic kidney disease
Unexposed,10.3,0.9026603491354194,Chronic kidney disease
Unexposed,10.4,0.9015700151681945,Chronic kidney disease
Unexposed,10.5,0.8996842794685359,Chronic kidney disease
Unexposed,10.600000000000001,0.8988329427577073,Chronic kidney disease
Unexposed,10.700000000000001,0.8979582380265044,Chronic kidney disease
Unexposed,10.8,0.8966509271724658,Chronic kidney disease
Unexposed,10.9,0.8960705666372379,Chronic kidney disease
Unexposed,11,0.8942548978893453,Chronic kidney disease
Unexposed,11.100000000000001,0.8935487790393477,Chronic kidney disease
Unexposed,11.200000000000001,0.892999285666449,Chronic kidney disease
Unexposed,11.3,0.892007344724724,Chronic kidney disease
Unexposed,11.4,0.8906001578183596,Chronic kidney disease
Unexposed,11.5,0.8883484462917653,Chronic kidney disease
Unexposed,11.600000000000001,0.887678996505385,Chronic kidney disease
Unexposed,11.700000000000001,0.8868017970476256,Chronic kidney disease
Unexposed,11.8,0.8860247207738269,Chronic kidney disease
Unexposed,11.9,0.8847863215648413,Chronic kidney disease
Unexposed,12,0.8827429706011243,Chronic kidney disease
Unexposed,12.100000000000001,0.8819254961991582,Chronic kidney disease
Unexposed,12.200000000000001,0.8810382308559879,Chronic kidney disease
Unexposed,12.3,0.8802980465175578,Chronic kidney disease
Unexposed,12.4,0.8791240208252674,Chronic kidney disease
Unexposed,12.5,0.87737451440078,Chronic kidney disease
Unexposed,12.600000000000001,0.8762895276965383,Chronic kidney disease
Unexposed,12.700000000000001,0.8752272322181001,Chronic kidney disease
Unexposed,12.8,0.8747483720317251,Chronic kidney disease
Unexposed,12.9,0.8734445770426926,Chronic kidney disease
Unexposed,13,0.8711942074242832,Chronic kidney disease
Unexposed,13.100000000000001,0.8698391547311433,Chronic kidney disease
Unexposed,13.200000000000001,0.8683333980385052,Chronic kidney disease
Unexposed,13.3,0.8670212445548542,Chronic kidney disease
Unexposed,13.4,0.8659996263570497,Chronic kidney disease
Unexposed,13.5,0.8631687078897438,Chronic kidney disease
Unexposed,13.600000000000001,0.86249472403672,Chronic kidney disease
Unexposed,13.700000000000001,0.8614301220833601,Chronic kidney disease
Unexposed,13.8,0.8606786717695358,Chronic kidney disease
Unexposed,13.9,0.8593917624512776,Chronic kidney disease
Unexposed,14,0.8562728339388679,Chronic kidney disease
Unexposed,14.100000000000001,0.8551118681637483,Chronic kidney disease
Unexposed,14.200000000000001,0.8537159369126612,Chronic kidney disease
Unexposed,14.3,0.852448255513061,Chronic kidney disease
Unexposed,14.4,0.8517754397899622,Chronic kidney disease
Unexposed,14.5,0.848856418917013,Chronic kidney disease
Unexposed,14.600000000000001,0.8478128076705828,Chronic kidney disease
Unexposed,14.700000000000001,0.8466289700659027,Chronic kidney disease
Unexposed,14.8,0.8446621786403842,Chronic kidney disease
Unexposed,14.9,0.843239667831233,Chronic kidney disease
Unexposed,15,0.8414298675982054,Chronic kidney disease
Unexposed,15.100000000000001,0.8398918489766791,Chronic kidney disease
Unexposed,15.200000000000001,0.8387257350314212,Chronic kidney disease
Unexposed,15.3,0.8373209957772728,Chronic kidney disease
Unexposed,15.4,0.8359150072494829,Chronic kidney disease
Unexposed,15.5,0.8342806080677976,Chronic kidney disease
Unexposed,15.600000000000001,0.832581013692449,Chronic kidney disease
Unexposed,15.700000000000001,0.8312609610444958,Chronic kidney disease
Unexposed,15.8,0.8302662594922563,Chronic kidney disease
Unexposed,15.9,0.8283866869586868,Chronic kidney disease
Unexposed,16,0.826282624795498,Chronic kidney disease
Unexposed,16.1,0.8250781493485733,Chronic kidney disease
Unexposed,16.2,0.8243533794870932,Chronic kidney disease
Unexposed,16.3,0.8233987886828145,Chronic kidney disease
Unexposed,16.400000000000002,0.8219732237024834,Chronic kidney disease
Unexposed,16.5,0.8198261000571747,Chronic kidney disease
Unexposed,16.6,0.8187885373010637,Chronic kidney disease
Unexposed,16.7,0.8179417013096097,Chronic kidney disease
Unexposed,16.8,0.8154065110888715,Chronic kidney disease
Unexposed,16.900000000000002,0.814099485002888,Chronic kidney disease
Unexposed,17,0.8105660294722358,Chronic kidney disease
Unexposed,17.1,0.8097829656780735,Chronic kidney disease
Unexposed,17.2,0.8087638266326572,Chronic kidney disease
Unexposed,17.3,0.8073172836336501,Chronic kidney disease
Unexposed,17.400000000000002,0.8058162190903461,Chronic kidney disease
Unexposed,17.5,0.8039969948817932,Chronic kidney disease
Unexposed,17.6,0.8029885568072531,Chronic kidney disease
Unexposed,17.7,0.801989512619383,Chronic kidney disease
Unexposed,17.8,0.8014669532833787,Chronic kidney disease
Unexposed,17.900000000000002,0.7983528984721935,Chronic kidney disease
Unexposed,18,0.796561433152741,Chronic kidney disease
