term,hr,lcl,ucl,p
sexfemale,0.68,0.64,0.72,<0.001
race_ethNon-Hispanic Black,0.96,0.88,1.04,0.296
race_ethMexican American,0.67,0.61,0.74,<0.001
race_ethOther Hispanic,0.71,0.58,0.85,<0.001
race_ethOther/Multiracial,0.77,0.66,0.9,0.001
educationHS/GED,0.92,0.85,1,0.055
education>HS,0.87,0.81,0.94,<0.001
pir,0.86,0.84,0.88,<0.001
smokingformer,1.22,1.14,1.31,<0.001
smokingcurrent,2.27,2.09,2.46,<0.001
cycle2001-2002,1.02,0.93,1.12,0.710
cycle2003-2004,0.91,0.82,1.03,0.129
cycle2005-2006,0.89,0.81,0.99,0.032
cycle2007-2008,0.98,0.87,1.11,0.810
cycle2009-2010,0.95,0.84,1.09,0.469
cycle2011-2012,0.98,0.83,1.17,0.836
cycle2013-2014,1.1,0.96,1.25,0.174
cycle2015-2016,0.91,0.76,1.08,0.293
cycle2017-2018,1,0.7,1.42,0.979
glycemicprediabetes,0.99,0.92,1.06,0.732
glycemicdiabetes,1.44,1.34,1.55,<0.001
hypertension,1.22,1.14,1.31,<0.001
ckd,1.59,1.5,1.68,<0.001
bmi_catunderweight,1.57,1.2,2.06,<0.001
bmi_catoverweight,0.83,0.78,0.89,<0.001
bmi_catobese,0.93,0.87,1,0.046
cvd_history,1.58,1.48,1.69,<0.001
cancer,1.25,1.17,1.34,<0.001
