model,threshold_pct,net_benefit
A: Basic,2,0.08843467042874614
A: Basic,3,0.08258199179479651
A: Basic,4,0.07873698804796311
A: Basic,5,0.07441085220115944
A: Basic,6,0.07153911213779672
A: Basic,7.000000000000001,0.06897465811440534
A: Basic,8,0.06649601802430778
A: Basic,9.000000000000002,0.06356356775982339
A: Basic,10,0.06064208090163731
A: Basic,11,0.05794986195635728
A: Basic,12.000000000000002,0.055576092301466797
A: Basic,13,0.05423003485059613
A: Basic,13.999999999999998,0.05310558135348793
A: Basic,15,0.05168128236906275
A: Basic,16,0.04969409563659253
A: Basic,17,0.047804745837812246
A: Basic,18,0.045733863237164635
A: Basic,19,0.04431952083253028
A: Basic,20,0.0431924148330014
A: Basic,21,0.04193009500385647
A: Basic,22,0.04156348766859047
A: Basic,23,0.04050826496267082
A: Basic,24,0.039055469946309186
A: Basic,25,0.038168289682980666
A: Basic,26,0.03659089825546262
A: Basic,27,0.035845223946593584
A: Basic,28.000000000000004,0.03481683059520585
A: Basic,29.000000000000004,0.03459188748994812
A: Basic,30.000000000000004,0.0336049975057269
A: Basic,31,0.032535988376046036
A: Basic,32,0.031838869695555674
A: Basic,33,0.03088727831075766
A: Basic,34,0.02972724658823513
A: Basic,35,0.029720371913186105
A: Basic,36.00000000000001,0.0284107085838186
A: Basic,37.00000000000001,0.027455609938563823
A: Basic,38,0.026503347107868613
A: Basic,39,0.025618994325706065
A: Basic,40,0.024970594475470776
A: Basic,41,0.023954782356402533
A: Basic,42.00000000000001,0.023147958125053936
A: Basic,43.00000000000001,0.022199772121331597
A: Basic,44,0.021114506240615047
A: Basic,45,0.020358466207085417
A: Basic,46,0.019356551670986964
A: Basic,47,0.017472795876655265
A: Basic,48.00000000000001,0.017064759071389178
A: Basic,49.00000000000001,0.016598575605353674
A: Basic,50,0.01571020409596197
B: Conditions,2,0.08889297030183056
B: Conditions,3,0.08391279737502418
B: Conditions,4,0.07906993192220788
B: Conditions,5,0.07627993764986721
B: Conditions,6,0.07358363770363593
B: Conditions,7.000000000000001,0.07050744961693478
B: Conditions,8,0.0681564523307081
B: Conditions,9.000000000000002,0.06624270345275128
B: Conditions,10,0.06419479741933368
B: Conditions,11,0.062446173454843976
B: Conditions,12.000000000000002,0.060640727690665815
B: Conditions,13,0.058952362898035106
B: Conditions,13.999999999999998,0.056266178942984
B: Conditions,15,0.054478815751103984
B: Conditions,16,0.052760827161978566
B: Conditions,17,0.05160086907725679
B: Conditions,18,0.05035043694764441
B: Conditions,19,0.049328805321468445
B: Conditions,20,0.048297656237490084
B: Conditions,21,0.046944853137147025
B: Conditions,22,0.04616411536081496
B: Conditions,23,0.04471153615266023
B: Conditions,24,0.04400185157404464
B: Conditions,25,0.042606563722400015
B: Conditions,26,0.04124181626623537
B: Conditions,27,0.03994591421458195
B: Conditions,28.000000000000004,0.037513713856018135
B: Conditions,29.000000000000004,0.03667630504161461
B: Conditions,30.000000000000004,0.03585888434121633
B: Conditions,31,0.03482942457376248
B: Conditions,32,0.03362484545767018
B: Conditions,33,0.03264604600741971
B: Conditions,34,0.03177790757704627
B: Conditions,35,0.031478313481023444
B: Conditions,36.00000000000001,0.02965010477295426
B: Conditions,37.00000000000001,0.02804322266797607
B: Conditions,38,0.026821424862552776
B: Conditions,39,0.026210122904342062
B: Conditions,40,0.025046386238088223
B: Conditions,41,0.023987457046814174
B: Conditions,42.00000000000001,0.022997638571268117
B: Conditions,43.00000000000001,0.021506339125097577
B: Conditions,44,0.02139700802895314
B: Conditions,45,0.020597618084513922
B: Conditions,46,0.01955029641921609
B: Conditions,47,0.018616644293387316
B: Conditions,48.00000000000001,0.017755641336333016
B: Conditions,49.00000000000001,0.016501489999760286
B: Conditions,50,0.016034392219607247
C: Full,2,0.08861533623277466
C: Full,3,0.08392166019005626
C: Full,4,0.08024995363538208
C: Full,5,0.07690045150307838
C: Full,6,0.07417056198206687
C: Full,7.000000000000001,0.07167160240342597
C: Full,8,0.07026208085636437
C: Full,9.000000000000002,0.06849992017633241
C: Full,10,0.06615619323440432
C: Full,11,0.06412445676936065
C: Full,12.000000000000002,0.06265612109237817
C: Full,13,0.06080705840228262
C: Full,13.999999999999998,0.05882997154130137
C: Full,15,0.05683664575893039
C: Full,16,0.05551113533559904
C: Full,17,0.05468351820594805
C: Full,18,0.053466491741804
C: Full,19,0.05215245122299697
C: Full,20,0.05074483321579739
C: Full,21,0.04994760318605867
C: Full,22,0.04836842647637693
C: Full,23,0.047596191195791414
C: Full,24,0.046601785528639146
C: Full,25,0.04531940176453061
C: Full,26,0.043854959243301614
C: Full,27,0.04320104114085743
C: Full,28.000000000000004,0.042376918128173444
C: Full,29.000000000000004,0.04135031785116619
C: Full,30.000000000000004,0.04053837601902137
C: Full,31,0.03964728420257462
C: Full,32,0.038341011612398446
C: Full,33,0.0376271244985001
C: Full,34,0.03666475999157634
C: Full,35,0.03534142917009818
C: Full,36.00000000000001,0.03456409093756635
C: Full,37.00000000000001,0.03308748181028915
C: Full,38,0.032425066667145744
C: Full,39,0.03154045293627851
C: Full,40,0.030716531078887197
C: Full,41,0.02928586558192694
C: Full,42.00000000000001,0.02828265634344916
C: Full,43.00000000000001,0.027449322709835758
C: Full,44,0.02661328180848312
C: Full,45,0.02600661088592673
C: Full,46,0.02464331785485703
C: Full,47,0.02392842365525299
C: Full,48.00000000000001,0.022952984633346118
C: Full,49.00000000000001,0.021899226307369207
C: Full,50,0.021100409016589796
Treat all,2,0.08535391855029131
Treat all,3,0.07592457750441803
Treat all,4,0.06629879185342238
Treat all,5,0.056470358083458405
Treat all,6,0.046432808701367546
Treat all,7.000000000000001,0.03617939804224246
Treat all,8,0.02570308715139727
Treat all,9.000000000000002,0.014996527669544499
Treat all,10,0.00405204464365054
Treat all,11,-0.007138381821027537
Treat all,12.000000000000002,-0.01858313615990287
Treat all,13,-0.03029098829967186
Treat all,13.999999999999998,-0.04227111607059825
Treat all,15,-0.05453312920084061
Treat all,16,-0.06708709502466015
Treat all,17,-0.07994356604905359
Treat all,18,-0.09311360953745668
Treat all,19,-0.10660883928483272
Treat all,20,-0.1204414497758931
Treat all,21,-0.13462425293761326
Treat all,22,-0.14917071771886475
Treat all,23,-0.16409501275417465
Treat all,24,-0.17941205239567698
Treat all,25,-0.19513754642761932
Treat all,26,-0.21128805381177634
Treat all,27,-0.22788104085029387
Treat all,28.000000000000004,-0.24493494419543682
Treat all,29.000000000000004,-0.26246923918410503
Treat all,30.000000000000004,-0.28050451402959226
Treat all,31,-0.2990625504648036
Treat all,32,-0.3181664115010508
Treat all,33,-0.3378405370458426
Treat all,34,-0.3581108482132039
Treat all,35,-0.3790048612626378
Treat all,36.00000000000001,-0.4005518122198666
Treat all,37.00000000000001,-0.4227827933662137
Treat all,38,-0.4457309029366363
Treat all,39,-0.4694314095421549
Treat all,40,-0.49392193303452425
Treat all,41,-0.5192426437639229
Treat all,42.00000000000001,-0.5454364824495079
Treat all,43.00000000000001,-0.5725494031942362
Treat all,44,-0.6006306425369901
Treat all,45,-0.6297330178558446
Treat all,46,-0.6599132589272491
Treat all,47,-0.691232377020216
Treat all,48.00000000000001,-0.7237560765782972
Treat all,49.00000000000001,-0.7575552153347344
Treat all,50,-0.792706319641429
Treat none,2,0
Treat none,3,0
Treat none,4,0
Treat none,5,0
Treat none,6,0
Treat none,7.000000000000001,0
Treat none,8,0
Treat none,9.000000000000002,0
Treat none,10,0
Treat none,11,0
Treat none,12.000000000000002,0
Treat none,13,0
Treat none,13.999999999999998,0
Treat none,15,0
Treat none,16,0
Treat none,17,0
Treat none,18,0
Treat none,19,0
Treat none,20,0
Treat none,21,0
Treat none,22,0
Treat none,23,0
Treat none,24,0
Treat none,25,0
Treat none,26,0
Treat none,27,0
Treat none,28.000000000000004,0
Treat none,29.000000000000004,0
Treat none,30.000000000000004,0
Treat none,31,0
Treat none,32,0
Treat none,33,0
Treat none,34,0
Treat none,35,0
Treat none,36.00000000000001,0
Treat none,37.00000000000001,0
Treat none,38,0
Treat none,39,0
Treat none,40,0
Treat none,41,0
Treat none,42.00000000000001,0
Treat none,43.00000000000001,0
Treat none,44,0
Treat none,45,0
Treat none,46,0
Treat none,47,0
Treat none,48.00000000000001,0
Treat none,49.00000000000001,0
Treat none,50,0
