condition,group,level,type,prevalence_pct,lcl,ucl,group_key,level_key
diabetes,age3,20-39,Age-specific,3.2,2.9,3.5,age,age|20-39
diabetes,age3,40-59,Age-specific,12.7,12,13.4,age,age|40-59
diabetes,age3,60+,Age-specific,25.2,24.3,26,age,age|60+
dm_dx,age3,20-39,Age-specific,2.1,1.9,2.3,age,age|20-39
dm_dx,age3,40-59,Age-specific,9.4,8.8,10,age,age|40-59
dm_dx,age3,60+,Age-specific,20.3,19.5,21.1,age,age|60+
dm_undiagnosed,age3,20-39,Age-specific,1.1,0.9,1.3,age,age|20-39
dm_undiagnosed,age3,40-59,Age-specific,3.3,3,3.7,age,age|40-59
dm_undiagnosed,age3,60+,Age-specific,4.9,4.5,5.3,age,age|60+
prediabetes,age3,20-39,Age-specific,18.4,17.5,19.2,age,age|20-39
prediabetes,age3,40-59,Age-specific,31.8,30.6,32.9,age,age|40-59
prediabetes,age3,60+,Age-specific,39.2,38.1,40.3,age,age|60+
hypertension,age3,20-39,Age-specific,8,7.5,8.6,age,age|20-39
hypertension,age3,40-59,Age-specific,32.3,31.2,33.5,age,age|40-59
hypertension,age3,60+,Age-specific,65.9,64.7,67,age,age|60+
hypertension_acc,age3,20-39,Age-specific,22.5,21.6,23.4,age,age|20-39
hypertension_acc,age3,40-59,Age-specific,51.3,50.1,52.6,age,age|40-59
hypertension_acc,age3,60+,Age-specific,76.6,75.4,77.7,age,age|60+
obesity,age3,20-39,Age-specific,31.3,30.2,32.5,age,age|20-39
obesity,age3,40-59,Age-specific,38.6,37.4,39.8,age,age|40-59
obesity,age3,60+,Age-specific,36.6,35.5,37.8,age,age|60+
ckd,age3,20-39,Age-specific,5.9,5.5,6.4,age,age|20-39
ckd,age3,40-59,Age-specific,9.6,9,10.2,age,age|40-59
ckd,age3,60+,Age-specific,30.7,29.7,31.6,age,age|60+
albuminuria,age3,20-39,Age-specific,5.9,5.4,6.3,age,age|20-39
albuminuria,age3,40-59,Age-specific,8.3,7.8,8.8,age,age|40-59
albuminuria,age3,60+,Age-specific,18.5,17.6,19.4,age,age|60+
current_smoker,age3,20-39,Age-specific,27,25.9,28.2,age,age|20-39
current_smoker,age3,40-59,Age-specific,23.3,22.2,24.4,age,age|40-59
current_smoker,age3,60+,Age-specific,11.5,10.9,12.2,age,age|60+
cvd_history,age3,20-39,Age-specific,1.2,1,1.3,age,age|20-39
cvd_history,age3,40-59,Age-specific,6.3,5.7,6.8,age,age|40-59
cvd_history,age3,60+,Age-specific,23.9,23,24.9,age,age|60+
diabetes,sex,male,Age-standardized,12.9,12.4,13.5,sex,sex|male
diabetes,sex,female,Age-standardized,10.9,10.4,11.4,sex,sex|female
dm_dx,sex,male,Age-standardized,9.6,9.1,10,sex,sex|male
dm_dx,sex,female,Age-standardized,8.6,8.1,9,sex,sex|female
dm_undiagnosed,sex,male,Age-standardized,3.4,3.1,3.7,sex,sex|male
dm_undiagnosed,sex,female,Age-standardized,2.3,2.1,2.5,sex,sex|female
prediabetes,sex,male,Age-standardized,31,30.1,32,sex,sex|male
prediabetes,sex,female,Age-standardized,25.2,24.5,25.9,sex,sex|female
hypertension,sex,male,Age-standardized,31.1,30.2,32,sex,sex|male
hypertension,sex,female,Age-standardized,29.6,29,30.3,sex,sex|female
hypertension_acc,sex,male,Age-standardized,49.8,48.8,50.8,sex,sex|male
hypertension_acc,sex,female,Age-standardized,41.5,40.7,42.3,sex,sex|female
obesity,sex,male,Age-standardized,33.7,32.6,34.8,sex,sex|male
obesity,sex,female,Age-standardized,36.7,35.8,37.7,sex,sex|female
ckd,sex,male,Age-standardized,11.9,11.4,12.4,sex,sex|male
ckd,sex,female,Age-standardized,14.1,13.6,14.6,sex,sex|female
albuminuria,sex,male,Age-standardized,9.2,8.8,9.7,sex,sex|male
albuminuria,sex,female,Age-standardized,10.2,9.7,10.7,sex,sex|female
current_smoker,sex,male,Age-standardized,24.5,23.6,25.4,sex,sex|male
current_smoker,sex,female,Age-standardized,19.7,18.9,20.6,sex,sex|female
cvd_history,sex,male,Age-standardized,9.6,9.2,10.1,sex,sex|male
cvd_history,sex,female,Age-standardized,7.3,6.8,7.7,sex,sex|female
diabetes,race_eth,Non-Hispanic White,Age-standardized,9.8,9.3,10.2,race,race|Non-Hispanic White
diabetes,race_eth,Non-Hispanic Black,Age-standardized,17.9,17.2,18.7,race,race|Non-Hispanic Black
diabetes,race_eth,Mexican American,Age-standardized,18.6,17.6,19.7,race,race|Mexican American
diabetes,race_eth,Other Hispanic,Age-standardized,15.6,14.2,17,race,race|Other Hispanic
diabetes,race_eth,Other/Multiracial,Age-standardized,16.2,14.9,17.6,race,race|Other/Multiracial
dm_dx,race_eth,Non-Hispanic White,Age-standardized,7.5,7.1,7.9,race,race|Non-Hispanic White
dm_dx,race_eth,Non-Hispanic Black,Age-standardized,13.8,13.1,14.5,race,race|Non-Hispanic Black
dm_dx,race_eth,Mexican American,Age-standardized,14.2,13.2,15.1,race,race|Mexican American
dm_dx,race_eth,Other Hispanic,Age-standardized,11.8,10.6,13,race,race|Other Hispanic
dm_dx,race_eth,Other/Multiracial,Age-standardized,12.6,11.4,13.8,race,race|Other/Multiracial
dm_undiagnosed,race_eth,Non-Hispanic White,Age-standardized,2.3,2,2.5,race,race|Non-Hispanic White
dm_undiagnosed,race_eth,Non-Hispanic Black,Age-standardized,4.1,3.7,4.5,race,race|Non-Hispanic Black
dm_undiagnosed,race_eth,Mexican American,Age-standardized,4.5,4,4.9,race,race|Mexican American
dm_undiagnosed,race_eth,Other Hispanic,Age-standardized,3.8,3.1,4.5,race,race|Other Hispanic
dm_undiagnosed,race_eth,Other/Multiracial,Age-standardized,3.7,2.9,4.4,race,race|Other/Multiracial
prediabetes,race_eth,Non-Hispanic White,Age-standardized,26.3,25.4,27.2,race,race|Non-Hispanic White
prediabetes,race_eth,Non-Hispanic Black,Age-standardized,31.5,30.5,32.5,race,race|Non-Hispanic Black
prediabetes,race_eth,Mexican American,Age-standardized,31.2,29.9,32.5,race,race|Mexican American
prediabetes,race_eth,Other Hispanic,Age-standardized,30.4,28.6,32.2,race,race|Other Hispanic
prediabetes,race_eth,Other/Multiracial,Age-standardized,32.3,30.4,34.2,race,race|Other/Multiracial
hypertension,race_eth,Non-Hispanic White,Age-standardized,29.2,28.4,30,race,race|Non-Hispanic White
hypertension,race_eth,Non-Hispanic Black,Age-standardized,42.4,41.4,43.4,race,race|Non-Hispanic Black
hypertension,race_eth,Mexican American,Age-standardized,27.3,26.3,28.4,race,race|Mexican American
hypertension,race_eth,Other Hispanic,Age-standardized,28.9,27.2,30.6,race,race|Other Hispanic
hypertension,race_eth,Other/Multiracial,Age-standardized,29.9,28.2,31.6,race,race|Other/Multiracial
hypertension_acc,race_eth,Non-Hispanic White,Age-standardized,44.6,43.6,45.5,race,race|Non-Hispanic White
hypertension_acc,race_eth,Non-Hispanic Black,Age-standardized,57.3,56.3,58.3,race,race|Non-Hispanic Black
hypertension_acc,race_eth,Mexican American,Age-standardized,42.7,41.5,43.9,race,race|Mexican American
hypertension_acc,race_eth,Other Hispanic,Age-standardized,42.6,40.9,44.3,race,race|Other Hispanic
hypertension_acc,race_eth,Other/Multiracial,Age-standardized,45.9,44,47.8,race,race|Other/Multiracial
obesity,race_eth,Non-Hispanic White,Age-standardized,33.7,32.7,34.7,race,race|Non-Hispanic White
obesity,race_eth,Non-Hispanic Black,Age-standardized,45.6,44.4,46.8,race,race|Non-Hispanic Black
obesity,race_eth,Mexican American,Age-standardized,41.8,40.2,43.3,race,race|Mexican American
obesity,race_eth,Other Hispanic,Age-standardized,35.7,33.8,37.6,race,race|Other Hispanic
obesity,race_eth,Other/Multiracial,Age-standardized,23.3,21.1,25.4,race,race|Other/Multiracial
ckd,race_eth,Non-Hispanic White,Age-standardized,11.8,11.3,12.3,race,race|Non-Hispanic White
ckd,race_eth,Non-Hispanic Black,Age-standardized,19.1,18.3,19.8,race,race|Non-Hispanic Black
ckd,race_eth,Mexican American,Age-standardized,14.4,13.5,15.4,race,race|Mexican American
ckd,race_eth,Other Hispanic,Age-standardized,13.7,12.5,14.9,race,race|Other Hispanic
ckd,race_eth,Other/Multiracial,Age-standardized,13.4,12,14.9,race,race|Other/Multiracial
albuminuria,race_eth,Non-Hispanic White,Age-standardized,8.4,8,8.9,race,race|Non-Hispanic White
albuminuria,race_eth,Non-Hispanic Black,Age-standardized,13.6,12.9,14.3,race,race|Non-Hispanic Black
albuminuria,race_eth,Mexican American,Age-standardized,13.1,12.2,13.9,race,race|Mexican American
albuminuria,race_eth,Other Hispanic,Age-standardized,11.8,10.6,13,race,race|Other Hispanic
albuminuria,race_eth,Other/Multiracial,Age-standardized,11.9,10.6,13.3,race,race|Other/Multiracial
current_smoker,race_eth,Non-Hispanic White,Age-standardized,23.3,22.2,24.3,race,race|Non-Hispanic White
current_smoker,race_eth,Non-Hispanic Black,Age-standardized,25.2,23.9,26.4,race,race|Non-Hispanic Black
current_smoker,race_eth,Mexican American,Age-standardized,17.4,16.2,18.6,race,race|Mexican American
current_smoker,race_eth,Other Hispanic,Age-standardized,18.3,15.9,20.7,race,race|Other Hispanic
current_smoker,race_eth,Other/Multiracial,Age-standardized,18.9,16.8,21,race,race|Other/Multiracial
cvd_history,race_eth,Non-Hispanic White,Age-standardized,8.3,7.9,8.7,race,race|Non-Hispanic White
cvd_history,race_eth,Non-Hispanic Black,Age-standardized,9.8,9.3,10.4,race,race|Non-Hispanic Black
cvd_history,race_eth,Mexican American,Age-standardized,6.8,6.1,7.4,race,race|Mexican American
cvd_history,race_eth,Other Hispanic,Age-standardized,6.6,5.9,7.4,race,race|Other Hispanic
cvd_history,race_eth,Other/Multiracial,Age-standardized,8.6,7.4,9.8,race,race|Other/Multiracial
diabetes,education,<HS,Age-standardized,16.2,15.5,17,education,education|<HS
diabetes,education,HS/GED,Age-standardized,12.2,11.4,12.9,education,education|HS/GED
diabetes,education,>HS,Age-standardized,10.2,9.7,10.7,education,education|>HS
dm_dx,education,<HS,Age-standardized,12.2,11.5,12.9,education,education|<HS
dm_dx,education,HS/GED,Age-standardized,9.2,8.5,9.9,education,education|HS/GED
dm_dx,education,>HS,Age-standardized,7.9,7.4,8.3,education,education|>HS
dm_undiagnosed,education,<HS,Age-standardized,4,3.7,4.4,education,education|<HS
dm_undiagnosed,education,HS/GED,Age-standardized,3,2.7,3.3,education,education|HS/GED
dm_undiagnosed,education,>HS,Age-standardized,2.4,2.1,2.6,education,education|>HS
prediabetes,education,<HS,Age-standardized,31.5,30.3,32.7,education,education|<HS
prediabetes,education,HS/GED,Age-standardized,29.5,28.4,30.6,education,education|HS/GED
prediabetes,education,>HS,Age-standardized,26.8,26,27.7,education,education|>HS
hypertension,education,<HS,Age-standardized,33.5,32.6,34.5,education,education|<HS
hypertension,education,HS/GED,Age-standardized,32.9,31.9,33.9,education,education|HS/GED
hypertension,education,>HS,Age-standardized,28.4,27.6,29.2,education,education|>HS
hypertension_acc,education,<HS,Age-standardized,48.4,47.2,49.6,education,education|<HS
hypertension_acc,education,HS/GED,Age-standardized,48.9,47.7,50,education,education|HS/GED
hypertension_acc,education,>HS,Age-standardized,43.6,42.6,44.5,education,education|>HS
obesity,education,<HS,Age-standardized,36.3,35,37.5,education,education|<HS
obesity,education,HS/GED,Age-standardized,38.5,37.2,39.7,education,education|HS/GED
obesity,education,>HS,Age-standardized,33.7,32.6,34.7,education,education|>HS
ckd,education,<HS,Age-standardized,17.2,16.5,17.9,education,education|<HS
ckd,education,HS/GED,Age-standardized,13.8,13.1,14.6,education,education|HS/GED
ckd,education,>HS,Age-standardized,11.2,10.7,11.7,education,education|>HS
albuminuria,education,<HS,Age-standardized,13.5,12.8,14.2,education,education|<HS
albuminuria,education,HS/GED,Age-standardized,10.3,9.6,11,education,education|HS/GED
albuminuria,education,>HS,Age-standardized,8.2,7.7,8.6,education,education|>HS
current_smoker,education,<HS,Age-standardized,33.6,32.1,35.1,education,education|<HS
current_smoker,education,HS/GED,Age-standardized,29.5,28.4,30.6,education,education|HS/GED
current_smoker,education,>HS,Age-standardized,15.9,15.2,16.6,education,education|>HS
cvd_history,education,<HS,Age-standardized,11.4,10.7,12.1,education,education|<HS
cvd_history,education,HS/GED,Age-standardized,9,8.4,9.6,education,education|HS/GED
cvd_history,education,>HS,Age-standardized,7,6.6,7.3,education,education|>HS
