analysis,term,hr,lcl,ucl
Main: multiple imputation,Prediabetes,0.99,0.92,1.06
Main: multiple imputation,Diabetes,1.44,1.34,1.55
Main: multiple imputation,Hypertension,1.22,1.14,1.31
Main: multiple imputation,CKD,1.59,1.5,1.68
Main: multiple imputation,Underweight,1.57,1.2,2.06
Main: multiple imputation,Overweight,0.83,0.78,0.89
Main: multiple imputation,Obese,0.93,0.87,1
"Complete cases only (n = 39,607)",Prediabetes,1.03,0.95,1.13
"Complete cases only (n = 39,607)",Diabetes,1.5,1.37,1.63
"Complete cases only (n = 39,607)",Hypertension,1.24,1.14,1.35
"Complete cases only (n = 39,607)",CKD,1.59,1.48,1.7
"Complete cases only (n = 39,607)",Underweight,1.81,1.4,2.33
"Complete cases only (n = 39,607)",Overweight,0.85,0.78,0.93
"Complete cases only (n = 39,607)",Obese,0.94,0.87,1.02
Excluding deaths in first 2 years,Prediabetes,0.99,0.92,1.08
Excluding deaths in first 2 years,Diabetes,1.46,1.35,1.58
Excluding deaths in first 2 years,Hypertension,1.25,1.16,1.34
Excluding deaths in first 2 years,CKD,1.53,1.44,1.62
Excluding deaths in first 2 years,Underweight,1.61,1.2,2.16
Excluding deaths in first 2 years,Overweight,0.87,0.81,0.95
Excluding deaths in first 2 years,Obese,0.97,0.9,1.05
Excluding baseline CVD or cancer,Prediabetes,1.01,0.92,1.12
Excluding baseline CVD or cancer,Diabetes,1.55,1.38,1.72
Excluding baseline CVD or cancer,Hypertension,1.28,1.17,1.41
Excluding baseline CVD or cancer,CKD,1.6,1.48,1.73
Excluding baseline CVD or cancer,Underweight,1.6,1.2,2.12
Excluding baseline CVD or cancer,Overweight,0.83,0.75,0.91
Excluding baseline CVD or cancer,Obese,0.99,0.9,1.08
Without survey-cycle adjustment,Prediabetes,0.99,0.92,1.07
Without survey-cycle adjustment,Diabetes,1.44,1.34,1.56
Without survey-cycle adjustment,Hypertension,1.22,1.14,1.31
Without survey-cycle adjustment,CKD,1.59,1.5,1.68
Without survey-cycle adjustment,Underweight,1.58,1.22,2.07
Without survey-cycle adjustment,Overweight,0.83,0.78,0.89
Without survey-cycle adjustment,Obese,0.93,0.87,1
Follow-up years 0-10,Prediabetes,0.96,0.87,1.06
Follow-up years 0-10,Diabetes,1.39,1.26,1.52
Follow-up years 0-10,Hypertension,1.2,1.11,1.3
Follow-up years 0-10,CKD,1.72,1.6,1.84
Follow-up years 0-10,Underweight,1.61,1.2,2.15
Follow-up years 0-10,Overweight,0.81,0.75,0.88
Follow-up years 0-10,Obese,0.9,0.83,0.97
Follow-up beyond 10 years,Prediabetes,1.05,0.93,1.18
Follow-up beyond 10 years,Diabetes,1.6,1.4,1.84
Follow-up beyond 10 years,Hypertension,1.25,1.12,1.41
Follow-up beyond 10 years,CKD,1.33,1.18,1.5
Follow-up beyond 10 years,Underweight,1.49,1,2.21
Follow-up beyond 10 years,Overweight,0.89,0.79,1
Follow-up beyond 10 years,Obese,1.02,0.89,1.18
