risk_factor,hr,hr_lcl,hr_ucl,pct_deaths_exposed,paf_pct,paf_lcl,paf_ucl,cause
Diabetes,1.44,1.34,1.55,27.24,8.33,6.87,9.69,All causes
Diabetes,1.5,1.33,1.69,31.35,10.45,7.83,12.78,CVD
Hypertension,1.22,1.14,1.31,64.45,11.76,8.1,15.18,All causes
Hypertension,1.46,1.28,1.68,72.57,22.95,15.7,29.27,CVD
Chronic kidney disease,1.59,1.5,1.68,39.55,14.69,13.24,16.05,All causes
Chronic kidney disease,1.85,1.65,2.08,48.26,22.18,18.93,25.07,CVD
Current smoking,2.27,2.09,2.46,23.47,13.12,12.23,13.95,All causes
Current smoking,1.87,1.63,2.15,18.71,8.7,7.21,10,CVD
Former smoking,1.22,1.14,1.31,37.09,6.7,4.44,8.8,All causes
Former smoking,1,0.89,1.13,36.5,0.17,-4.32,4.18,CVD
Underweight,1.57,1.2,2.06,2.48,0.9,0.42,1.28,All causes
Underweight,1.41,0.85,2.35,1.81,0.53,-0.31,1.04,CVD
