cycle,participants,pct_diabetes,pct_prediabetes,pct_hypertension,pct_obese,pct_ckd,mean_hba1c
1999-2000,4184,14.5,22.6,38.7,32.2,19.1,5.62
2001-2002,4726,13.9,25.0,37.0,30.3,18.4,5.63
2003-2004,4513,15.0,23.9,40.9,32.8,19.2,5.64
2005-2006,4446,15.0,27.6,36.8,35.2,18.3,5.61
2007-2008,5644,19.0,35.2,39.9,36.6,18.8,5.75
2009-2010,5977,17.5,34.7,37.7,38.1,16.0,5.76
2011-2012,5251,18.6,33.5,37.3,35.9,17.5,5.8
2013-2014,5513,17.7,32.0,37.2,37.8,17.3,5.75
2015-2016,5389,20.9,35.3,38.0,40.5,17.1,5.86
2017-2018,5176,22.6,37.3,43.4,41.9,19.5,5.88
