glycemic_status,fu_year,n_at_risk,n_death,pct_surviving
diabetes,0,8575,194,97.7
diabetes,1,8377,221,95.1
diabetes,2,7646,238,92.0
diabetes,3,6870,210,89.1
diabetes,4,6146,211,85.9
diabetes,5,5480,219,82.4
diabetes,6,4880,196,78.9
diabetes,7,4264,163,75.8
diabetes,8,3755,153,72.5
diabetes,9,3235,130,69.4
diabetes,10,2729,125,66.0
diabetes,11,2259,92,63.1
diabetes,12,1815,82,60.0
diabetes,13,1446,74,56.7
diabetes,14,1174,60,53.6
diabetes,15,930,48,50.6
diabetes,16,728,43,47.3
diabetes,17,546,26,44.7
diabetes,18,393,19,42.0
diabetes,19,215,15,38.0
diabetes,20,82,1,37.0
normal,0,24885,141,99.4
normal,1,24736,180,98.7
normal,2,23633,194,97.9
normal,3,22429,194,97.0
normal,4,21145,237,95.9
normal,5,19795,208,94.8
normal,6,18344,195,93.8
normal,7,16853,185,92.7
normal,8,15541,172,91.7
normal,9,14238,170,90.5
normal,10,12812,181,89.2
normal,11,11369,110,88.3
normal,12,10082,114,87.2
normal,13,8944,115,86.0
normal,14,7806,120,84.6
normal,15,6541,89,83.4
normal,16,5448,71,82.1
normal,17,4249,53,81.0
normal,18,3127,40,79.7
normal,19,1958,34,77.8
normal,20,903,5,77.0
prediabetes,0,15175,144,99.1
prediabetes,1,15027,196,97.7
prediabetes,2,13956,230,96.1
prediabetes,3,12818,190,94.6
prediabetes,4,11746,183,93.1
prediabetes,5,10684,208,91.2
prediabetes,6,9732,203,89.2
prediabetes,7,8685,195,87.1
prediabetes,8,7745,158,85.2
prediabetes,9,6841,129,83.5
prediabetes,10,5899,129,81.5
prediabetes,11,4883,128,79.2
prediabetes,12,3993,98,77.1
prediabetes,13,3165,86,74.8
prediabetes,14,2611,71,72.6
prediabetes,15,2115,74,69.9
prediabetes,16,1762,42,68.0
prediabetes,17,1326,43,65.5
prediabetes,18,935,33,62.6
prediabetes,19,526,12,60.7
prediabetes,20,253,3,59.3
