cycle,component,status,url,n_rows
1999-2000,DEMO,ok,https://wwwn.cdc.gov/Nchs/Data/Nhanes/Public/1999/DataFiles/DEMO.xpt,9965
1999-2000,BMX,ok,https://wwwn.cdc.gov/Nchs/Data/Nhanes/Public/1999/DataFiles/BMX.xpt,9282
1999-2000,BPX,ok,https://wwwn.cdc.gov/Nchs/Data/Nhanes/Public/1999/DataFiles/BPX.xpt,9282
1999-2000,GHB,ok,https://wwwn.cdc.gov/Nchs/Data/Nhanes/Public/1999/DataFiles/LAB10.xpt,6758
1999-2000,DIQ,ok,https://wwwn.cdc.gov/Nchs/Data/Nhanes/Public/1999/DataFiles/DIQ.xpt,9493
1999-2000,BPQ,ok,https://wwwn.cdc.gov/Nchs/Data/Nhanes/Public/1999/DataFiles/BPQ.xpt,6044
1999-2000,MCQ,ok,https://wwwn.cdc.gov/Nchs/Data/Nhanes/Public/1999/DataFiles/MCQ.xpt,9493
1999-2000,SMQ,ok,https://wwwn.cdc.gov/Nchs/Data/Nhanes/Public/1999/DataFiles/SMQ.xpt,4880
1999-2000,GLU,ok,https://wwwn.cdc.gov/Nchs/Data/Nhanes/Public/1999/DataFiles/LAB10AM.xpt,3267
1999-2000,TCHOL,ok,https://wwwn.cdc.gov/Nchs/Data/Nhanes/Public/1999/DataFiles/LAB13.xpt,8344
1999-2000,HDL,ok,https://wwwn.cdc.gov/Nchs/Data/Nhanes/Public/1999/DataFiles/LAB13.xpt,8344
1999-2000,TRIGLY,ok,https://wwwn.cdc.gov/Nchs/Data/Nhanes/Public/1999/DataFiles/LAB13AM.xpt,3915
1999-2000,ALB_CR,ok,https://wwwn.cdc.gov/Nchs/Data/Nhanes/Public/1999/DataFiles/LAB16.xpt,7819
1999-2000,BIOPRO,ok,https://wwwn.cdc.gov/Nchs/Data/Nhanes/Public/1999/DataFiles/LAB18.xpt,6758
2001-2002,DEMO,ok,https://wwwn.cdc.gov/Nchs/Data/Nhanes/Public/2001/DataFiles/DEMO_B.xpt,11039
2001-2002,BMX,ok,https://wwwn.cdc.gov/Nchs/Data/Nhanes/Public/2001/DataFiles/BMX_B.xpt,10477
2001-2002,BPX,ok,https://wwwn.cdc.gov/Nchs/Data/Nhanes/Public/2001/DataFiles/BPX_B.xpt,10477
2001-2002,GHB,ok,https://wwwn.cdc.gov/Nchs/Data/Nhanes/Public/2001/DataFiles/L10_B.xpt,7445
2001-2002,DIQ,ok,https://wwwn.cdc.gov/Nchs/Data/Nhanes/Public/2001/DataFiles/DIQ_B.xpt,10470
2001-2002,BPQ,ok,https://wwwn.cdc.gov/Nchs/Data/Nhanes/Public/2001/DataFiles/BPQ_B.xpt,6634
2001-2002,MCQ,ok,https://wwwn.cdc.gov/Nchs/Data/Nhanes/Public/2001/DataFiles/MCQ_B.xpt,10470
2001-2002,SMQ,ok,https://wwwn.cdc.gov/Nchs/Data/Nhanes/Public/2001/DataFiles/SMQ_B.xpt,5411
2001-2002,GLU,ok,https://wwwn.cdc.gov/Nchs/Data/Nhanes/Public/2001/DataFiles/L10AM_B.xpt,3666
2001-2002,TCHOL,ok,https://wwwn.cdc.gov/Nchs/Data/Nhanes/Public/2001/DataFiles/L13_B.xpt,9262
2001-2002,HDL,ok,https://wwwn.cdc.gov/Nchs/Data/Nhanes/Public/2001/DataFiles/L13_B.xpt,9262
2001-2002,TRIGLY,ok,https://wwwn.cdc.gov/Nchs/Data/Nhanes/Public/2001/DataFiles/L13AM_B.xpt,4464
2001-2002,ALB_CR,ok,https://wwwn.cdc.gov/Nchs/Data/Nhanes/Public/2001/DataFiles/L16_B.xpt,8647
2001-2002,BIOPRO,ok,https://wwwn.cdc.gov/Nchs/Data/Nhanes/Public/2001/DataFiles/L40_B.xpt,7445
2003-2004,DEMO,ok,https://wwwn.cdc.gov/Nchs/Data/Nhanes/Public/2003/DataFiles/DEMO_C.xpt,10122
2003-2004,BMX,ok,https://wwwn.cdc.gov/Nchs/Data/Nhanes/Public/2003/DataFiles/BMX_C.xpt,9643
2003-2004,BPX,ok,https://wwwn.cdc.gov/Nchs/Data/Nhanes/Public/2003/DataFiles/BPX_C.xpt,9643
2003-2004,GHB,ok,https://wwwn.cdc.gov/Nchs/Data/Nhanes/Public/2003/DataFiles/L10_C.xpt,6990
2003-2004,DIQ,ok,https://wwwn.cdc.gov/Nchs/Data/Nhanes/Public/2003/DataFiles/DIQ_C.xpt,9645
2003-2004,BPQ,ok,https://wwwn.cdc.gov/Nchs/Data/Nhanes/Public/2003/DataFiles/BPQ_C.xpt,6213
2003-2004,MCQ,ok,https://wwwn.cdc.gov/Nchs/Data/Nhanes/Public/2003/DataFiles/MCQ_C.xpt,9645
2003-2004,SMQ,ok,https://wwwn.cdc.gov/Nchs/Data/Nhanes/Public/2003/DataFiles/SMQ_C.xpt,5041
2003-2004,GLU,ok,https://wwwn.cdc.gov/Nchs/Data/Nhanes/Public/2003/DataFiles/L10AM_C.xpt,3356
2003-2004,TCHOL,ok,https://wwwn.cdc.gov/Nchs/Data/Nhanes/Public/2003/DataFiles/L13_C.xpt,8556
2003-2004,HDL,ok,https://wwwn.cdc.gov/Nchs/Data/Nhanes/Public/2003/DataFiles/L13_C.xpt,8556
2003-2004,TRIGLY,ok,https://wwwn.cdc.gov/Nchs/Data/Nhanes/Public/2003/DataFiles/L13AM_C.xpt,4034
2003-2004,ALB_CR,ok,https://wwwn.cdc.gov/Nchs/Data/Nhanes/Public/2003/DataFiles/L16_C.xpt,7982
2003-2004,BIOPRO,ok,https://wwwn.cdc.gov/Nchs/Data/Nhanes/Public/2003/DataFiles/L40_C.xpt,6990
2005-2006,DEMO,ok,https://wwwn.cdc.gov/Nchs/Data/Nhanes/Public/2005/DataFiles/DEMO_D.xpt,10348
2005-2006,BMX,ok,https://wwwn.cdc.gov/Nchs/Data/Nhanes/Public/2005/DataFiles/BMX_D.xpt,9950
2005-2006,BPX,ok,https://wwwn.cdc.gov/Nchs/Data/Nhanes/Public/2005/DataFiles/BPX_D.xpt,9950
2005-2006,GHB,ok,https://wwwn.cdc.gov/Nchs/Data/Nhanes/Public/2005/DataFiles/GHB_D.xpt,6980
2005-2006,DIQ,ok,https://wwwn.cdc.gov/Nchs/Data/Nhanes/Public/2005/DataFiles/DIQ_D.xpt,9822
2005-2006,BPQ,ok,https://wwwn.cdc.gov/Nchs/Data/Nhanes/Public/2005/DataFiles/BPQ_D.xpt,6139
2005-2006,MCQ,ok,https://wwwn.cdc.gov/Nchs/Data/Nhanes/Public/2005/DataFiles/MCQ_D.xpt,9822
2005-2006,SMQ,ok,https://wwwn.cdc.gov/Nchs/Data/Nhanes/Public/2005/DataFiles/SMQ_D.xpt,7186
2005-2006,GLU,ok,https://wwwn.cdc.gov/Nchs/Data/Nhanes/Public/2005/DataFiles/GLU_D.xpt,3352
2005-2006,TCHOL,ok,https://wwwn.cdc.gov/Nchs/Data/Nhanes/Public/2005/DataFiles/TCHOL_D.xpt,8086
2005-2006,HDL,ok,https://wwwn.cdc.gov/Nchs/Data/Nhanes/Public/2005/DataFiles/HDL_D.xpt,8086
2005-2006,TRIGLY,ok,https://wwwn.cdc.gov/Nchs/Data/Nhanes/Public/2005/DataFiles/TRIGLY_D.xpt,3352
2005-2006,ALB_CR,ok,https://wwwn.cdc.gov/Nchs/Data/Nhanes/Public/2005/DataFiles/ALB_CR_D.xpt,8086
2005-2006,BIOPRO,ok,https://wwwn.cdc.gov/Nchs/Data/Nhanes/Public/2005/DataFiles/BIOPRO_D.xpt,6980
2007-2008,DEMO,ok,https://wwwn.cdc.gov/Nchs/Data/Nhanes/Public/2007/DataFiles/DEMO_E.xpt,10149
2007-2008,BMX,ok,https://wwwn.cdc.gov/Nchs/Data/Nhanes/Public/2007/DataFiles/BMX_E.xpt,9762
2007-2008,BPX,ok,https://wwwn.cdc.gov/Nchs/Data/Nhanes/Public/2007/DataFiles/BPX_E.xpt,9762
2007-2008,GHB,ok,https://wwwn.cdc.gov/Nchs/Data/Nhanes/Public/2007/DataFiles/GHB_E.xpt,6917
2007-2008,DIQ,ok,https://wwwn.cdc.gov/Nchs/Data/Nhanes/Public/2007/DataFiles/DIQ_E.xpt,9666
2007-2008,BPQ,ok,https://wwwn.cdc.gov/Nchs/Data/Nhanes/Public/2007/DataFiles/BPQ_E.xpt,6546
2007-2008,MCQ,ok,https://wwwn.cdc.gov/Nchs/Data/Nhanes/Public/2007/DataFiles/MCQ_E.xpt,9666
2007-2008,SMQ,ok,https://wwwn.cdc.gov/Nchs/Data/Nhanes/Public/2007/DataFiles/SMQ_E.xpt,7145
2007-2008,GLU,ok,https://wwwn.cdc.gov/Nchs/Data/Nhanes/Public/2007/DataFiles/GLU_E.xpt,3315
2007-2008,TCHOL,ok,https://wwwn.cdc.gov/Nchs/Data/Nhanes/Public/2007/DataFiles/TCHOL_E.xpt,8132
2007-2008,HDL,ok,https://wwwn.cdc.gov/Nchs/Data/Nhanes/Public/2007/DataFiles/HDL_E.xpt,8132
2007-2008,TRIGLY,ok,https://wwwn.cdc.gov/Nchs/Data/Nhanes/Public/2007/DataFiles/TRIGLY_E.xpt,3315
2007-2008,ALB_CR,ok,https://wwwn.cdc.gov/Nchs/Data/Nhanes/Public/2007/DataFiles/ALB_CR_E.xpt,8132
2007-2008,BIOPRO,ok,https://wwwn.cdc.gov/Nchs/Data/Nhanes/Public/2007/DataFiles/BIOPRO_E.xpt,6917
2009-2010,DEMO,ok,https://wwwn.cdc.gov/Nchs/Data/Nhanes/Public/2009/DataFiles/DEMO_F.xpt,10537
2009-2010,BMX,ok,https://wwwn.cdc.gov/Nchs/Data/Nhanes/Public/2009/DataFiles/BMX_F.xpt,10253
2009-2010,BPX,ok,https://wwwn.cdc.gov/Nchs/Data/Nhanes/Public/2009/DataFiles/BPX_F.xpt,10253
2009-2010,GHB,ok,https://wwwn.cdc.gov/Nchs/Data/Nhanes/Public/2009/DataFiles/GHB_F.xpt,7369
2009-2010,DIQ,ok,https://wwwn.cdc.gov/Nchs/Data/Nhanes/Public/2009/DataFiles/DIQ_F.xpt,10109
2009-2010,BPQ,ok,https://wwwn.cdc.gov/Nchs/Data/Nhanes/Public/2009/DataFiles/BPQ_F.xpt,6889
2009-2010,MCQ,ok,https://wwwn.cdc.gov/Nchs/Data/Nhanes/Public/2009/DataFiles/MCQ_F.xpt,10109
2009-2010,SMQ,ok,https://wwwn.cdc.gov/Nchs/Data/Nhanes/Public/2009/DataFiles/SMQ_F.xpt,7528
2009-2010,GLU,ok,https://wwwn.cdc.gov/Nchs/Data/Nhanes/Public/2009/DataFiles/GLU_F.xpt,3581
2009-2010,TCHOL,ok,https://wwwn.cdc.gov/Nchs/Data/Nhanes/Public/2009/DataFiles/TCHOL_F.xpt,8591
2009-2010,HDL,ok,https://wwwn.cdc.gov/Nchs/Data/Nhanes/Public/2009/DataFiles/HDL_F.xpt,8591
2009-2010,TRIGLY,ok,https://wwwn.cdc.gov/Nchs/Data/Nhanes/Public/2009/DataFiles/TRIGLY_F.xpt,3581
2009-2010,ALB_CR,ok,https://wwwn.cdc.gov/Nchs/Data/Nhanes/Public/2009/DataFiles/ALB_CR_F.xpt,8591
2009-2010,BIOPRO,ok,https://wwwn.cdc.gov/Nchs/Data/Nhanes/Public/2009/DataFiles/BIOPRO_F.xpt,7369
2011-2012,DEMO,ok,https://wwwn.cdc.gov/Nchs/Data/Nhanes/Public/2011/DataFiles/DEMO_G.xpt,9756
2011-2012,BMX,ok,https://wwwn.cdc.gov/Nchs/Data/Nhanes/Public/2011/DataFiles/BMX_G.xpt,9338
2011-2012,BPX,ok,https://wwwn.cdc.gov/Nchs/Data/Nhanes/Public/2011/DataFiles/BPX_G.xpt,9338
2011-2012,GHB,ok,https://wwwn.cdc.gov/Nchs/Data/Nhanes/Public/2011/DataFiles/GHB_G.xpt,6549
2011-2012,DIQ,ok,https://wwwn.cdc.gov/Nchs/Data/Nhanes/Public/2011/DataFiles/DIQ_G.xpt,9364
2011-2012,BPQ,ok,https://wwwn.cdc.gov/Nchs/Data/Nhanes/Public/2011/DataFiles/BPQ_G.xpt,6175
2011-2012,MCQ,ok,https://wwwn.cdc.gov/Nchs/Data/Nhanes/Public/2011/DataFiles/MCQ_G.xpt,9364
2011-2012,SMQ,ok,https://wwwn.cdc.gov/Nchs/Data/Nhanes/Public/2011/DataFiles/SMQ_G.xpt,6790
2011-2012,GLU,ok,https://wwwn.cdc.gov/Nchs/Data/Nhanes/Public/2011/DataFiles/GLU_G.xpt,3239
2011-2012,TCHOL,ok,https://wwwn.cdc.gov/Nchs/Data/Nhanes/Public/2011/DataFiles/TCHOL_G.xpt,7821
2011-2012,HDL,ok,https://wwwn.cdc.gov/Nchs/Data/Nhanes/Public/2011/DataFiles/HDL_G.xpt,7821
2011-2012,TRIGLY,ok,https://wwwn.cdc.gov/Nchs/Data/Nhanes/Public/2011/DataFiles/TRIGLY_G.xpt,3239
2011-2012,ALB_CR,ok,https://wwwn.cdc.gov/Nchs/Data/Nhanes/Public/2011/DataFiles/ALB_CR_G.xpt,7821
2011-2012,BIOPRO,ok,https://wwwn.cdc.gov/Nchs/Data/Nhanes/Public/2011/DataFiles/BIOPRO_G.xpt,6549
2013-2014,DEMO,ok,https://wwwn.cdc.gov/Nchs/Data/Nhanes/Public/2013/DataFiles/DEMO_H.xpt,10175
2013-2014,BMX,ok,https://wwwn.cdc.gov/Nchs/Data/Nhanes/Public/2013/DataFiles/BMX_H.xpt,9813
2013-2014,BPX,ok,https://wwwn.cdc.gov/Nchs/Data/Nhanes/Public/2013/DataFiles/BPX_H.xpt,9813
2013-2014,GHB,ok,https://wwwn.cdc.gov/Nchs/Data/Nhanes/Public/2013/DataFiles/GHB_H.xpt,6979
2013-2014,DIQ,ok,https://wwwn.cdc.gov/Nchs/Data/Nhanes/Public/2013/DataFiles/DIQ_H.xpt,9770
2013-2014,BPQ,ok,https://wwwn.cdc.gov/Nchs/Data/Nhanes/Public/2013/DataFiles/BPQ_H.xpt,6464
2013-2014,MCQ,ok,https://wwwn.cdc.gov/Nchs/Data/Nhanes/Public/2013/DataFiles/MCQ_H.xpt,9770
2013-2014,SMQ,ok,https://wwwn.cdc.gov/Nchs/Data/Nhanes/Public/2013/DataFiles/SMQ_H.xpt,7168
2013-2014,GLU,ok,https://wwwn.cdc.gov/Nchs/Data/Nhanes/Public/2013/DataFiles/GLU_H.xpt,3329
2013-2014,TCHOL,ok,https://wwwn.cdc.gov/Nchs/Data/Nhanes/Public/2013/DataFiles/TCHOL_H.xpt,8291
2013-2014,HDL,ok,https://wwwn.cdc.gov/Nchs/Data/Nhanes/Public/2013/DataFiles/HDL_H.xpt,8291
2013-2014,TRIGLY,ok,https://wwwn.cdc.gov/Nchs/Data/Nhanes/Public/2013/DataFiles/TRIGLY_H.xpt,3329
2013-2014,ALB_CR,ok,https://wwwn.cdc.gov/Nchs/Data/Nhanes/Public/2013/DataFiles/ALB_CR_H.xpt,8291
2013-2014,BIOPRO,ok,https://wwwn.cdc.gov/Nchs/Data/Nhanes/Public/2013/DataFiles/BIOPRO_H.xpt,6979
2015-2016,DEMO,ok,https://wwwn.cdc.gov/Nchs/Data/Nhanes/Public/2015/DataFiles/DEMO_I.xpt,9971
2015-2016,BMX,ok,https://wwwn.cdc.gov/Nchs/Data/Nhanes/Public/2015/DataFiles/BMX_I.xpt,9544
2015-2016,BPX,ok,https://wwwn.cdc.gov/Nchs/Data/Nhanes/Public/2015/DataFiles/BPX_I.xpt,9544
2015-2016,GHB,ok,https://wwwn.cdc.gov/Nchs/Data/Nhanes/Public/2015/DataFiles/GHB_I.xpt,6744
2015-2016,DIQ,ok,https://wwwn.cdc.gov/Nchs/Data/Nhanes/Public/2015/DataFiles/DIQ_I.xpt,9575
2015-2016,BPQ,ok,https://wwwn.cdc.gov/Nchs/Data/Nhanes/Public/2015/DataFiles/BPQ_I.xpt,6327
2015-2016,MCQ,ok,https://wwwn.cdc.gov/Nchs/Data/Nhanes/Public/2015/DataFiles/MCQ_I.xpt,9575
2015-2016,SMQ,ok,https://wwwn.cdc.gov/Nchs/Data/Nhanes/Public/2015/DataFiles/SMQ_I.xpt,7001
2015-2016,GLU,ok,https://wwwn.cdc.gov/Nchs/Data/Nhanes/Public/2015/DataFiles/GLU_I.xpt,3191
2015-2016,TCHOL,ok,https://wwwn.cdc.gov/Nchs/Data/Nhanes/Public/2015/DataFiles/TCHOL_I.xpt,8021
2015-2016,HDL,ok,https://wwwn.cdc.gov/Nchs/Data/Nhanes/Public/2015/DataFiles/HDL_I.xpt,8021
2015-2016,TRIGLY,ok,https://wwwn.cdc.gov/Nchs/Data/Nhanes/Public/2015/DataFiles/TRIGLY_I.xpt,3191
2015-2016,ALB_CR,ok,https://wwwn.cdc.gov/Nchs/Data/Nhanes/Public/2015/DataFiles/ALB_CR_I.xpt,8608
2015-2016,BIOPRO,ok,https://wwwn.cdc.gov/Nchs/Data/Nhanes/Public/2015/DataFiles/BIOPRO_I.xpt,6744
2017-2018,DEMO,ok,https://wwwn.cdc.gov/Nchs/Data/Nhanes/Public/2017/DataFiles/DEMO_J.xpt,9254
2017-2018,BMX,ok,https://wwwn.cdc.gov/Nchs/Data/Nhanes/Public/2017/DataFiles/BMX_J.xpt,8704
2017-2018,BPX,ok,https://wwwn.cdc.gov/Nchs/Data/Nhanes/Public/2017/DataFiles/BPX_J.xpt,8704
2017-2018,GHB,ok,https://wwwn.cdc.gov/Nchs/Data/Nhanes/Public/2017/DataFiles/GHB_J.xpt,6401
2017-2018,DIQ,ok,https://wwwn.cdc.gov/Nchs/Data/Nhanes/Public/2017/DataFiles/DIQ_J.xpt,8897
2017-2018,BPQ,ok,https://wwwn.cdc.gov/Nchs/Data/Nhanes/Public/2017/DataFiles/BPQ_J.xpt,6161
2017-2018,MCQ,ok,https://wwwn.cdc.gov/Nchs/Data/Nhanes/Public/2017/DataFiles/MCQ_J.xpt,8897
2017-2018,SMQ,ok,https://wwwn.cdc.gov/Nchs/Data/Nhanes/Public/2017/DataFiles/SMQ_J.xpt,6724
2017-2018,GLU,ok,https://wwwn.cdc.gov/Nchs/Data/Nhanes/Public/2017/DataFiles/GLU_J.xpt,3036
2017-2018,TCHOL,ok,https://wwwn.cdc.gov/Nchs/Data/Nhanes/Public/2017/DataFiles/TCHOL_J.xpt,7435
2017-2018,HDL,ok,https://wwwn.cdc.gov/Nchs/Data/Nhanes/Public/2017/DataFiles/HDL_J.xpt,7435
2017-2018,TRIGLY,ok,https://wwwn.cdc.gov/Nchs/Data/Nhanes/Public/2017/DataFiles/TRIGLY_J.xpt,3036
2017-2018,ALB_CR,ok,https://wwwn.cdc.gov/Nchs/Data/Nhanes/Public/2017/DataFiles/ALB_CR_J.xpt,7936
2017-2018,BIOPRO,ok,https://wwwn.cdc.gov/Nchs/Data/Nhanes/Public/2017/DataFiles/BIOPRO_J.xpt,6401
1999-2000,MORTALITY,ok,https://ftp.cdc.gov/pub/Health_Statistics/NCHS/datalinkage/linked_mortality/NHANES_1999_2000_MORT_2019_PUBLIC.dat,9965
2001-2002,MORTALITY,ok,https://ftp.cdc.gov/pub/Health_Statistics/NCHS/datalinkage/linked_mortality/NHANES_2001_2002_MORT_2019_PUBLIC.dat,11039
2003-2004,MORTALITY,ok,https://ftp.cdc.gov/pub/Health_Statistics/NCHS/datalinkage/linked_mortality/NHANES_2003_2004_MORT_2019_PUBLIC.dat,10122
2005-2006,MORTALITY,ok,https://ftp.cdc.gov/pub/Health_Statistics/NCHS/datalinkage/linked_mortality/NHANES_2005_2006_MORT_2019_PUBLIC.dat,10348
2007-2008,MORTALITY,ok,https://ftp.cdc.gov/pub/Health_Statistics/NCHS/datalinkage/linked_mortality/NHANES_2007_2008_MORT_2019_PUBLIC.dat,10149
2009-2010,MORTALITY,ok,https://ftp.cdc.gov/pub/Health_Statistics/NCHS/datalinkage/linked_mortality/NHANES_2009_2010_MORT_2019_PUBLIC.dat,10537
2011-2012,MORTALITY,ok,https://ftp.cdc.gov/pub/Health_Statistics/NCHS/datalinkage/linked_mortality/NHANES_2011_2012_MORT_2019_PUBLIC.dat,9756
2013-2014,MORTALITY,ok,https://ftp.cdc.gov/pub/Health_Statistics/NCHS/datalinkage/linked_mortality/NHANES_2013_2014_MORT_2019_PUBLIC.dat,10175
2015-2016,MORTALITY,ok,https://ftp.cdc.gov/pub/Health_Statistics/NCHS/datalinkage/linked_mortality/NHANES_2015_2016_MORT_2019_PUBLIC.dat,9971
2017-2018,MORTALITY,ok,https://ftp.cdc.gov/pub/Health_Statistics/NCHS/datalinkage/linked_mortality/NHANES_2017_2018_MORT_2019_PUBLIC.dat,9254
