cause,term,hr,lcl,ucl,p
CVD,Current smoking,1.87,1.63,2.15,<0.001
CVD,Prediabetes,0.97,0.86,1.1,0.675
CVD,Diabetes,1.5,1.33,1.69,<0.001
CVD,Hypertension,1.46,1.28,1.68,<0.001
CVD,CKD,1.85,1.65,2.08,<0.001
CVD,Underweight,1.41,0.85,2.35,0.180
CVD,Overweight,0.88,0.77,1.02,0.093
CVD,Obese,1.09,0.95,1.25,0.240
CVD,Undiagnosed diabetes (M2),1.45,1.17,1.8,<0.001
CVD,Diagnosed diabetes (M2),2.26,2,2.54,<0.001
Cancer,Current smoking,2.98,2.53,3.51,<0.001
Cancer,Prediabetes,1.1,0.96,1.26,0.159
Cancer,Diabetes,1.03,0.86,1.23,0.781
Cancer,Hypertension,0.98,0.85,1.12,0.746
Cancer,CKD,1.27,1.11,1.45,<0.001
Cancer,Underweight,1.83,1.11,3.01,0.018
Cancer,Overweight,0.97,0.82,1.15,0.748
Cancer,Obese,1.07,0.91,1.26,0.412
Cancer,Undiagnosed diabetes (M2),1.21,0.93,1.56,0.152
Cancer,Diagnosed diabetes (M2),1.1,0.91,1.33,0.313
Other causes,Current smoking,2.24,1.96,2.56,<0.001
Other causes,Prediabetes,0.94,0.84,1.04,0.235
Other causes,Diabetes,1.62,1.45,1.81,<0.001
Other causes,Hypertension,1.26,1.14,1.38,<0.001
Other causes,CKD,1.59,1.45,1.75,<0.001
Other causes,Underweight,1.57,1.19,2.06,0.001
Other causes,Overweight,0.75,0.67,0.83,<0.001
Other causes,Obese,0.8,0.72,0.89,<0.001
Other causes,Undiagnosed diabetes (M2),1.53,1.28,1.82,<0.001
Other causes,Diagnosed diabetes (M2),1.91,1.71,2.13,<0.001
All causes,Current smoking,2.27,2.09,2.46,<0.001
All causes,Prediabetes,0.99,0.92,1.06,0.732
All causes,Diabetes,1.44,1.34,1.55,<0.001
All causes,Hypertension,1.22,1.14,1.31,<0.001
All causes,CKD,1.59,1.5,1.68,<0.001
All causes,Underweight,1.57,1.2,2.06,<0.001
All causes,Overweight,0.83,0.78,0.89,<0.001
All causes,Obese,0.93,0.87,1,0.046
All causes,Undiagnosed diabetes (M2),1.43,1.26,1.61,<0.001
All causes,Diagnosed diabetes (M2),1.8,1.67,1.94,<0.001
